text,aspect,label
สะดวกสบาย เสียงจากสนามบินไม่มี,Aircraft Noise,positive
มันจะเป็นประโยชน์ต่อคนทั่วๆไป แต่สำหรับฉัน ฉันว่ามันจะดังรบกวน,Aircraft Noise,negative
สะดวกแต่เสียงดัง,Aircraft Noise,negative
ดีได้ไง เสียงจากเครื่องบิน,Aircraft Noise,negative
มีทั้งข้อดีและข้อเสีย ข้อดี คือ มีสิ่งอำนวยความสะดวกบ้านเมืองเจริญ ข้อเสีย คือ เสียงดังรบกวน,Aircraft Noise,negative
ไม่เห็นดีเลย หนวกหู ดูทีวีก็ไม่รู้เรื่อง คุยโทรศัพท์ก็ไม่ได้ยิน,Aircraft Noise,negative
เห็นด้วยนะ เสียอย่างเดียวเสียงดัง รบกวนการนอน,Aircraft Noise,negative
ไม่ดีเลย เสียงดังรบกวน มลพิษอากาศ แต่ก็ดีอย่างเสียอย่าง,Aircraft Noise,negative
ก็ดีแหละ แต่เสียงจะดัง,Aircraft Noise,negative
ใช่ค่ะ แต่ถ้าเสียงไม่ดังจะดีกว่านี้,Aircraft Noise,negative
ก็เจริญขึ้นแต่เสียงรบกวนเราอยู่ที่ใกล้ๆสนามบิน,Aircraft Noise,negative
ดี จะเหมาะสำหรับประกอบธุรกิจ แต่มีมลภาวะทางเสียง,Aircraft Noise,negative
"ฉันไม่อยากให้มีสนามบินบริเวณนี้ หนวกหูมันทำให้การจราจรแน่นหนา ฉันไม่สามารถโดยสารเครื่องบินที่นี่ 
เพราะฉันต้องขึ้นเครื่องบินที่สานมบินดอนเมือง เพราะส่วนมากจะบินภายในประเทศ",Aircraft Noise,negative
ไม่แน่เสมอไป อย่างน้อยเสียงก็รบกวนความเป็นอยู่ เพราะเมื่อกลับมาบ้านก็อยากจะพักผ่อน,Aircraft Noise,negative
สะดวกสบายดีแต่มีเสียงรบกวน,Aircraft Noise,negative
เฮ้ย! มันเสียงดังนะ มันรบกวนคนอื่นด้วยนะ,Aircraft Noise,negative
มันก็สะดวกสบาย แต่เสียงที่ดังรบกวนทำให้รู้สึกรำคาญ,Aircraft Noise,negative
ไม่ดี เพราะเกิดเสียงดังมากขึ้น คนพลุกพล่านทำให้รถติด,Aircraft Noise,negative
ดีเพราะสนามบินอยู่ใกล้ ก็สะดวกดีแต่เสียงดังรบกวน,Aircraft Noise,negative
เห็นด้วย จะสะดวกสบายยิงขึ้น แต่จะมีเสียงรบกวน,Aircraft Noise,negative
แต่มีปัญหาเรื่องเสียงรบกวนตามมา,Aircraft Noise,negative
ก็ดีนะ แต่จะมีเสียงดังรบกวน,Aircraft Noise,negative
ดี แต่มีเสียงรบกวนมากๆ,Aircraft Noise,negative
ไม่สะดวกสบาย แต่เสียงดัง,Aircraft Noise,negative
ก็ดี มีความเจริญมากขึ้น แต่จะมีเสียงดังของเครื่องบิน,Aircraft Noise,negative
ไม่เลย เสียงจะดังรบกวน,Aircraft Noise,negative
ตอนแรกก็คิดว่าอย่างนั้นนะแต่พอมาลองสัมผัสมันไม่ใช่เลยมีแต่เสียงรบกวนตลอดเวลา,Aircraft Noise,negative
ก็สะดวกสบายนะ แต่มีเสียงดัง,Aircraft Noise,negative
ก็ดีค่ะ แต่อาจมีเสียงรบกวนหน่อย,Aircraft Noise,negative
ดีขึ้น แต่มีเสียงก็ยังรบกวน,Aircraft Noise,negative
ดี แต่มีเสียงรบกวน,Aircraft Noise,negative
"แม้จะมีความสะดวกสบายอยู่มาก แต่เราอาจได้รับมลพิษทางเสียง จากากรคมนาคมโดยเฉพาะเครื่องบิน 
ซึ่งอาจจะส่งผลเสียต่อสุขภาพและคุรภาพการใช้ชีวิตของเราในระยะยาวได้",Aircraft Noise,negative
ไม่ดีเลยเสียงรบกวนแล้วการจราจรรถติดมากขึ้นตามมาทำให้ความเป็นอยู่ไม่สะดวก,Aircraft Noise,negative
สะดวกสบายแต่เครื่องบินเสียงดังมากๆ ฝุ่นในบ้านเยอะมากๆ,Aircraft Noise,negative
"จริงหรอ มอลพิษทางเสียง การจราจร จริงอยู่ มีงานทำ มีรายได้เพิ่มขึ้นจากพนักงานภายใต้สนามบิน
แต่ความสะดวกสบายไม่ได้เกิดขึ้น เพราะไม่ได้เดินทางด้วยเครื่องบินทุกวัน",Aircraft Noise,negative
ไม่เห็นดีเลยเสียงดัง,Aircraft Noise,negative
1.สะดวกในการเดินทางไปสนามบิน 2.เสียงไม่รบกวน,Aircraft Noise,positive
ก็ดีแต่ก็มีข้อเสียในเรื่องของเสียงรบกวนหน้าจะทำการวิจัยเรื่องการแก้ไขปัญหาที่อยู่อาศัยบริเวณนี้,Aircraft Noise,negative
ดี แต่เวลาเครื่องบินขึ้นจะมีเสียงรบกวน,Aircraft Noise,negative
ไม่ค่อยดี จะมีเสียงรบกวน,Aircraft Noise,negative
ก็ดี ก็ทัดเทียมกับต่างชาติ แต่เสียงรบกวน,Aircraft Noise,negative
"สะดวกสบายก็จริง แต่เราต้องเจอกับเสียงที่คอยรบกวน และยังมีผู้คนเข้ามาเยอะแยะบางทีก้ทำให้ดูวุ่นวาย 
การเปิดสนามบิน ก็มีทั้งข้อดี และข้อเสียพอๆกันเลย",Aircraft Noise,negative
มันจะมีเสียงดังรบกวน,Aircraft Noise,negative
มันจะทำให้เกิดมลภาวะทางเสียง,Aircraft Noise,negative
แต่เสียงรบกวนทำให้ฉันนอนไม่หลับนะ,Aircraft Noise,negative
มันก็ดี แต่จะมีเสียงดังรบกวน,Aircraft Noise,negative
สะดวกสบายดี แต่รบกวนจากเครื่องบินมากๆๆ และสัณญาณทีวี,Aircraft Noise,negative
ไม่ดี เกิดเสียงดัง,Aircraft Noise,negative
ไม่ดี เพราะจะถูกรบกวนจากเสียง,Aircraft Noise,negative
ดี แต่มีเสียงดังไปหน่อย,Aircraft Noise,negative
ไม่ค่อยสะดวก หนวกหู ทำให้รถติด,Aircraft Noise,negative
สะดวกขึ้นก็จริง แต่เสียงรบกวน,Aircraft Noise,negative
ก็ดีนะ แต่ทำยังงัยให้เสียงลดลง ช่วยพัฒนาให้เครื่องบินเสียง้งียบๆ,Aircraft Noise,negative
มีข้อดีและข้อเสีย เราไม่ได้เดินทางด้วยเครื่องบินบ่อยๆ จึงไม่ค่อยได้ประโยชน์ซักเท่าไหร่ ค่อนข้างรำคาญกับเสียงที่ตามมา,Aircraft Noise,negative
ดี แต่ต้องควบคุมให้ระดับให้เป็นที่ยอมรับกันทั่วโลก และควรมีข้อกำหนดในการปรับปรุงเสียงเครื่องบินให้ลดลง,Aircraft Noise,neutral
มันก็ดีกับคนที่ใช้ แต่รบกวนคนที่ได้รับผลกระทบ หนวกหู,Aircraft Noise,negative
มีเสียงรบกวน รถติด ที่ซื้อบ้านเดี่ยวเพราะอยากอยู่เงียบๆ,Aircraft Noise,negative
ไม่ดี เพราะหนวกหูมันใกล้กับสนามบิน,Aircraft Noise,negative
ก็ดี เดินทางสะดวกสำหรับบางคนแต่กับบางคนคงไม่ดีและการจราจรอาจติดขัด และเสียงของเครื่องบินที่รบกวนเวลาพักผ่อนอีก,Aircraft Noise,negative
มันไม่สะดวกเพราะรำคาญเป็นเสียงเครื่องบิน นอนๆก็สะดุ้ง,Aircraft Noise,negative
เป็นเรื่องปกติ ธรรมดาเป็นสิ่งดีไม่ได้ระคาญเรื่องเสียงใดๆ,Aircraft Noise,positive
เสียงดังรบกวน การจราจรติดขัด สุขภาพแย่ลง,Aircraft Noise,negative
จริงด้วย แต่จะมีปัญหาเรื่องรถติดและเสียงรบกวนหรือเปล่านะ,Aircraft Noise,negative
ไม่เลย จะมีเสียงเครื่องบินรบกวนอยู่ตลอดเวลา ยกเว้น มีเวลาห้ามให้เครื่องบินลงในเวลาที่กำหนดลงเท่านั้น,Aircraft Noise,negative
แต่เสียงอาจรบกวนเรานะ,Aircraft Noise,negative
ไม่เลย ฉันชอบความเป็นอยู่ในอดีต ตั้งแต่มีสนามบิน บินเสียงดังมาก และทำให้การจราจรติดขัดในตอนเช้าและตอนเย็น,Aircraft Noise,negative
ไม่จริงมั้ง เสียงดังจะตายไป,Aircraft Noise,negative
ไม่ดี มันหนวกหู,Aircraft Noise,negative
ความสะดวกสบายในการใช้สนามบินซึ่งอยู่ใกล้ แต่ผลกระทบจากเสียงเครื่องบินอยู่ในชั้นรบกวนอย่างมาก,Aircraft Noise,negative
ดี แต่เสียงเครื่องดังไปหน่อย,Aircraft Noise,negative
หนวกหู,Aircraft Noise,negative
ไม่ดีเลย เพราะเสียงดัง,Aircraft Noise,negative
แต่ต้องทนเสียงดังรบกวน,Aircraft Noise,negative
ไม่นะ เราไม่ชอบ ทำให้เสียงดังมาก,Aircraft Noise,negative
ข้อดี ก็มีความเจริญ และข้อเสีย เสียงรบกวน,Aircraft Noise,negative
ไม่นะ รำคาญเสียงเครื่องบิน,Aircraft Noise,negative
มีความสะดวกสบายขึ้นก็จริง แต่ก็ทำให้การจราจรติดขัดมากขึ้นและมีเสียงรบกวนจากเครื่องบินเวลาบินขึ้น-ลง,Aircraft Noise,negative
มันก็สะดวกอยู่ แต่เสียงรบกวนจากเครื่องบินทำให้รู้สึกรำคาญ บางทีที่เครื่องบินบินผ่านก็ไม่ค่อยมีสัญญาณทีวีหรืออินเตอร์เน็ต,Aircraft Noise,negative
"มีส่วนจริง เพราะนำพาความเจริญมาให้ มีผู้อยู่อาศัยมาขึ้น แต่ก็มีผลกระทบต่อการใช้ชีวิตโดยเฉพาะเรื่องผลกระทบทางเสียง 
การจราจรที่ติดขัดมากขึ้น",Aircraft Noise,negative
ไม่ดีเลย เพราะมีเสียงรบกวนอย่างมากและทางสนามบินไม่เคยที่จะรับฟังความคิดเห็นของผู้ที่มาอาศัยเลย,Aircraft Noise,negative
ไม่หรอก มันมีเสียงรบกวนอย่างมาก เป็นระยะที่ขึ้น-ลง ของเครื่อง,Aircraft Noise,negative
ไม่ดีเลย รถติด เสียงดัง,Aircraft Noise,negative
ตอนแรกยังดี แต่เสียงเริ่มรบกวนมากขึ้นตลอดชีวิต ลูกหลานในอนาคตจะยิ่งกว่านี้,Aircraft Noise,negative
เสียงดังไปหน่อย,Aircraft Noise,negative
ก็ดีปกติที่บ้านไม่ค่อยได้เดินทาง แต่เสียงดัง,Aircraft Noise,negative
เสียงดังมากๆ,Aircraft Noise,negative
ไม่ดีนะ เสียงเครื่องบินรบกวน รถติด,Aircraft Noise,negative
ก๊ดีนะ เดินทางสะดวกดี แต่มันค่อนข้างรบกวนเวลานอนนิดหน่อยน่ะ,Aircraft Noise,negative
"ไม่ค่อยเห็นด้วย หากมีเสียงดังของเครื่องบินที่บินผ่านบริเวณที่เราอาศัยอยู่ 
แม้จะทำให้ความเป็นอยู่ดีขึ้น แต่ไม่ค่อยเห็นด้วยเท่าไหร่นัก",Aircraft Noise,negative
ไม่นะ ฉันไม่ชอบเสียงดัง,Aircraft Noise,negative
"ใช่เลย เราชอบมากและหมู่บ้านเราไม่มีเสียงเครื่องบินรบกวน โชคดีมาก การจราจรสะดวก 
ที่สำคัญคือประหยัดเวลาและพลังงานในการเดินทาง",Aircraft Noise,positive
แต่สิ่งแวดล้อมแน่มากๆ เช่นเสียงดัง จราจรติดขัดมากขึ้น,Aircraft Noise,negative
แต่มันจะมีผลกระทบรึเปล่า เช่นเสียงดังรบกวนนะ,Aircraft Noise,negative
"สำหรับคนที่ต้องใช้สนามบินในการเดินทาง ใช่ แต่สำหรับคนที่ไม่ได้ใช้สนามบินก็จะได้รับผลกระทบจากการที่มีสนามบิน 
เช่น เสียง รถติด ฯลฯ",Aircraft Noise,negative
ก็ดี แต่มีปัญหาเรื่องเสียงนิดหน่อย,Aircraft Noise,negative
"แต่ผมไม่เห็นด้วย เพราะมีเสียงรบกวนจากการขึ้น-ลงของเครื่องบิน(อยู่ในแนวเส้นเสียง) 
และเครื่องบินบางลำก็ไม่ปฏิบัติตามข้อตกลงของการขึ้น-ลง",Aircraft Noise,negative
สะดวกสบายก็จริง แต่ต้องคำนึงถึงสภาพแวดล้อมและเสียงรบกวนด้วยนะ,Aircraft Noise,negative
แต่บางครั้งก็ถูกรบกวนจากเสียงของเครื่องบิน,Aircraft Noise,negative
รถติดมากขึ้นต่างหาก เสียงเครื่องบินอีกด้วย,Aircraft Noise,negative
ก็ดีนะ ถ้าเสียงไม่รบกวน,Aircraft Noise,negative
แต่มันคงจะมีเสียงดังจากเครื่องบินมารบกวนมากเลยนะ,Aircraft Noise,negative
ถูกต้อง เห็นด้วยแต่ถ้าไม่มีเสียงรบกวนจนเกินไป จนทำให้มีผลกระทบต่อการดำรงชีวิต,Aircraft Noise,negative
ไม่ชอบฟังเสียงเครื่องบิน การจราจรติดขัด,Aircraft Noise,negative
สะดวกสบายก็จริง แต่การจราจรจะคับคั่งมากขึ้น มลภาวะก็จะตามมา มันจะไม่เงียบสงบเหมือนเมื่อก่อน มันก็ได้อย่างเสียอย่างน่ะ,Aircraft Noise,negative
"มีความเจริญขึ้นจริง แต่ก็ทำให้รถยนต์มากขึ้น รถติดมากขึ้น โดยเฉพาะเช้าวันจันทร์-ศุกร์, 
บางครั้งก็มีเสียงดังของเครื่องบินทำให้รบกวน และคนมากขึ้น ความวุ่นวายมากขึ้น",Aircraft Noise,negative
ไม่โอเค เพราะใกล้ไปค่อนข้างเสียงดัง,Aircraft Noise,negative
ไม่สะดวกสบาย เพราะมันหนวกหูมากกว่า โดยเฉพาะหน้าหนาวและไม่เคยเดินทางด้วยเครื่องบิน,Aircraft Noise,negative
ก็ดีเหมือนกันนะ จะได้ไม่ต้องเดินทางไกล แต่บางครั้งก็มีเสียงรบกวนเหมือนกันนะและรถก็ติดมากๆด้วยทั้งตอนเช้าและตอนเย็น,Aircraft Noise,negative
"มีสนามบินมันก็ดี สะดวกในการเดินทาง แต่ปัญหาเสียงดังรบกวนของเครื่องบินนี้สิ จะทำไงละ ในรบกวนมากๆ 
วันหยุดก็ไม่ได้พักผ่อนอย่างจริงจัง ทั้งกาย-ใจ",Aircraft Noise,negative
ก็ดี เวลาไปต่างประเทศ เวลาลูกกลับจากเมืองนอกก็กลับมาง่าย แต่ถ้าไม่ได้ไปก็รู้สึกรำคาญ,Aircraft Noise,negative
ไม่ดี รำคาญเสียง,Aircraft Noise,negative
ก็ดีนะ แต่ก็เสียงดัง รถติดด้วย เพราะรถมาวิ่งเส้นทางนี้มากขึ้น จนทำให้เวลาเช้าและเย็นไม่อยากไปไหน,Aircraft Noise,negative
ก็โอเคนะ แต่ต้องเลือกบริเวณที่ไม่มีเสียงกระทบเรา,Aircraft Noise,negative
ก็จริงอยู่นะ หากมันจะไม่ก่อให้เกิดมลภาวะทางเสียง-ฝุ่นละออง ที่มีผลต่อสุขภาพกาย-จิตใจ,Aircraft Noise,negative
ดี ถ้าภาครัฐมีมาดูแลมลภาวะต่างๆที่เกิดจากสนามบิน,Aircraft Noise,neutral
เสียงรบกวนจากเครื่องบิน,Aircraft Noise,negative
สะดวกสบายในด้านการจราจร แต่จะได้รับผลกระทบจากมลพิษทางเสียง,Aircraft Noise,negative
"มีทั้งดีและไม่ดี  ดี เพราะเดินทางอากาศสะดวกขึ้นแต่เรานานๆจะได้ขึ้นเครื่องบินแล้วก็ดูเจริญขึ้น แต่คนก็เยอะขึ้นมาก 
รถก็เยอะมากติดมากๆดูวุ่นวายขึ้น แต่ก็คงปรับตัวเองนะ เพราะสนามบินใหญ่ขนาดนั้น 
เขาคงไม่มาฟังความคิดของชาวบ้านอย่างเราหรอก",Aircraft Noise,negative
ดีนะ แต่เสียงดังไปหน่อย,Aircraft Noise,negative
เสียงเครื่องบินจะรบกวนหน่อยนะและรถก็จะติดมากด้วย การเดินทางไม่ค่อยสะดวก,Aircraft Noise,negative
ก็ดี แต่เสียงดังหนวกหู,Aircraft Noise,negative
ถึงจะดีก็จริง แต่ชั้นว่าอีกหน่อยเสียงคงดังกว่านี้แน่ ขนาดแค่นี้บางครั้งยังคุยกันไม่ได้ยินเลย,Aircraft Noise,negative
แต่เราไม่ชอบเลยเสียงดังรบกวนมาก,Aircraft Noise,negative
แต่มีเสียงรบกวนมากค่ะ,Aircraft Noise,negative
"มันอาจจะไม่เป็นอย่างนั้นเสมอไป ถ้าคุณได้เห็นจากสนามบินดอนเมืองที่นอกจากเสียงดังแล้ว 
ผมก็ไม่ได้เห็น empoiom siamdis ไปตั้งอยู่ตรงนั้นซึ่งผมคิดว่ามันไม่จริง",Aircraft Noise,negative
"ถ้าพูดถึงความเจริญอาจจะเจริญขึ้น แต่ก็มีปัญหาอื่นตามมา เช่น ปัญหาด้านมลภาวะ ปัญหาเรื่องการจราจร 
ปัญหาเรื่องมลภาวะเสียง (ซึงเป็นปัญหาใหญ่กระทบกับชุมชนใกล้เคียง)",Aircraft Noise,negative
ไม่เห็นด้วยเพราะเสียงดัง ทำให้รถติดมากขึ้นไม่มีระบบขนส่งสาธารณะ,Aircraft Noise,negative
ไม่ ทำให้รถติด และมีเสียงดังจากเครื่อง มีรถบรรทุกวิ่งมากเกินไปอันตรายเวลาขี่รถจักรยานยนต์,Aircraft Noise,negative
ไม่มีเลย มีเสียงรบกวนตลอดเวลา,Aircraft Noise,negative
สบาย แต่เสียงรบกวน,Aircraft Noise,negative
ก็ดีแต่เสียงดัง,Aircraft Noise,negative
ก็ดีอยู่ ถ้าไม่มีเสียงรบกวน,Aircraft Noise,negative
ไม่พอใจเท่าที่ควร เพราะหนวกหู,Aircraft Noise,negative
มันก็จริงนะ แต่เสียงเครื่องบินดังเกินไปหรือเปล่า,Aircraft Noise,negative
มันก็สะดวกดี แต่เสียงดัง,Aircraft Noise,negative
ข้อดีก็มี สาธารณูปโภคดีขึ้น ไม่ดีเสียงรบกวน,Aircraft Noise,negative
ไม่เห็นด้วย รบกวน เสียงดัง,Aircraft Noise,negative
ไม่สบายแน่ เพราะปวดหู,Aircraft Noise,negative
"ผมก็เห็นด้วยแต่ต้องมีการบริหารจัดการที่เป็นระบบอย่างถูกต้อง
1.เสียงไม่ดัง 2.จารจราจรสะดวก 3.ไม่มีมลพิษต่างเช่นเสียง กลิ่นต่างๆ",Aircraft Noise,negative
ดี แต่มีเสียงรบกวน,Aircraft Noise,negative
ก็ดีนะ แต่จะมีผลกระทบกับการใช้ชีวิตประจำวันหรือเปล่า มันอาจจะเสียงดังจนทำให้คนอื่นเสียประสาทก็ได้,Aircraft Noise,negative
คงไม่สบายนักหรอกเพราะคงมีเสียงรบกวนบ้าง,Aircraft Noise,negative
สะดวกจริงแต่เสียงจะรบกวน,Aircraft Noise,negative
ก็หนวกหู,Aircraft Noise,negative
ความเจริญมีจริงแต่ไม่ควรตรงกับรันเวย์หรือใกล้เคียงเกินไปทำให้มีเสียงดังรบกวนมาก,Aircraft Noise,negative
ใช่ แต่ก็ต้องมีมลพิษทางเสียงตามมาด้วย,Aircraft Noise,negative
ไม่ดี คือ มีเสียงรบกวนเป็นบางครั้ง,Aircraft Noise,negative
เช้าแล้วเสียงเครื่องบินมันจะไม่ดังหรือ,Aircraft Noise,negative
ไม่ใช่ ไม่สะดวก เสียงดัง,Aircraft Noise,negative
เห็นด้วยเนื่องจากสามารถเดินทางได้หลายช่องทาง ถึงแม้จะมีเสียงดังบ้าง,Aircraft Noise,negative
"ไม่จริง ความเป็นอยู่ของเราไม่ได้ขึ้นอยู่กับสนามบิน เพราะในปีนึงเรานั่งเครื่องบินไม่กี่ครั้งเอง
แต่เราต้องทนรับฟังเสียงจากเครื่องบินทุกวัน ทุกเวลา",Aircraft Noise,negative
มันก็ดีนะ แต่บางทีก็อาจจะไม่ดีกับผู้คนที่อยู่ไกลๆ มากนักเพราะทั้งเสียงทั้งควัน,Aircraft Noise,negative
ไม่จริงอะ ไม่จริงแน่นอน เพราะสนามบินเสียงดังมาก ยังมรฝนมากเสียงจะดังไปอีก,Aircraft Noise,negative
จะสบายก็สบาย แต่มีเสียงรบกวน,Aircraft Noise,negative
แต่มันต้องเสียงดังมากรึเปล่า,Aircraft Noise,negative
มันสะดวกสบายนะแต่ก็มีผลกระทบเรื่องเสียงรบกวนการใช้ชีวิตของเรามันขึ้นอยู่มี่การขึ้น ลงของเครื่องบิน,Aircraft Noise,negative
มันมีเรื่องของเสียงรบกวนที่ทำให้เกิดความเดือดร้อน,Aircraft Noise,negative
แต่เราว่าไม่ค่อยดีนะ จะทำให้เกิดเสียงดังและจราจรจะติดขัด,Aircraft Noise,negative
ก็ว่างั้นแหละ จะได้สะดวกต่อการเดินทางไปที่ไกลๆ แต่ก็มีเสียงรบกวนอยู่บ้าง,Aircraft Noise,negative
สะดวกสบายกับผู้ใช้บริการ แต่ชาวบ้านที่อยู่อาศัยแถวนี้เขาเดือดร้อนนะ ทั้งเสียงดัง และมีผลต่อสภาวะทางอากาศอีก,Aircraft Noise,negative
ต้องต่อต้านกับเสียงดังเป็นบางครั้ง,Aircraft Noise,negative
ดีแต่เสียงมันดังมากๆ ทั้งวันเลยนอนไม่ค่อยหลับตื่นทั้งคืนเลย,Aircraft Noise,negative
"ใช่ แต่ก็จะได้รับเสียงรบกวนจากเครื่องบินด้วย และการจราจรจะติดขึ้นเพิ่มขึ้นควันพิษเพิ่มขึ้น 
ไม่มีความสะดวกสบายอะไรที่จะมีผลกระทบต่อสิ่งแวดล้อมและการใช้ชีวิตของมนุษย์ได้",Aircraft Noise,negative
ไม่จริง รถติด เสียงเครื่องบินทำให้รบกวน เสียงดัง ทำให้ระบบทีวีดิจิตอลมีปัญหา เวลาเครื่องบินขึ้นทำให้สัญญานติดขัด,Aircraft Noise,negative
แต่คนหนวกหูมาก ฟังหรือพูดคุยแทบไม่รู้เรื่อง ปวดประสาท,Aircraft Noise,negative
ดี แต่มีมลภาวะ,Aircraft Noise,negative
ไม่ดีหรอก มีผลกระทบทางเสียง,Aircraft Noise,negative
ใช่แล้ว สะดวกดีแต่กังวลเรื่องมลภาวะทางเสียง,Aircraft Noise,negative
ไม่น่าจะใช่ เพราะอาจจะเกิดการจราจรที่แน่น ทำให้รถติดต้องตื่นเช้ากว่าปกติ และมีเสียงรบกวนจากเครื่องบิน,Aircraft Noise,negative
ใช่ค่ะ แต่เสียงดังนี่ซิทำให้เรารำคาญ เป็นบางวันที่เราต้องใช้สมาธิหรือใช้สมอง,Aircraft Noise,negative
เจริญก็ดีแต่เสียงดัง,Aircraft Noise,negative
ก้เจริญดีแต่มีเสียงรบกวน,Aircraft Noise,negative
"มันก็จริงนะแต่เสียงมันดังรบกวนเวลานอน ลูกๆเด็กแรกเกิดก็นอนไม่ได้ 
แต่ทำไงได้เราไม่มีปัญญาไปดำเนินการร้องเรียนหรอก ""ทำใจ""",Aircraft Noise,negative
มันก็จริงที่สะดวก ไม่ดีอยู่อย่างนึงเสียงดังไปหน่อย,Aircraft Noise,negative
ก็ดีเหมือนกันในเรื่องของการเดินทางที่สะดวกมากขึ้นแต่เสียงจากเครื่องบินนั้นรบกวนการใช้ชีวิตประจำวัน,Aircraft Noise,negative
ไม่ดีเลย เสียงดังแต่ต้องได้ค่าชดเชย,Aircraft Noise,negative
ไม่ดี เพราะเสียงดัง,Aircraft Noise,negative
ตอนนี้โอเค ไม่รบกวนเท่าไหร่ แต่ถ้าอยู่ใกล้สนามบินกว่านี้อาจจะเสียงดังเกินไป,Aircraft Noise,negative
ความเจริญยิ่งมากขึ้น จะทำให้เกิดมลภาวะทางเสียง ทัง้ทางอากาศ,Aircraft Noise,negative
สะดวกขึ้นก็จริงแต่มลภาวะทางเสียงก็ตามมา,Aircraft Noise,negative
"อาจจะสะดวกและดีสำหรับผู้ที่เดินทางบิ่ยด้วยเครื่องบิน แต่ประชาชนรอบข้างที่พักอาศัยล้วนแล้วแต่ได้รับผลกระทบทางเสียง 
ไร้ซึ่งหน่วยงนที่เกี่ยวข้องเข้ามาดูแล",Aircraft Noise,negative
การเดินทางสะดวกสบายก็ดีจริงแต่เสียงที่รบกวนละจะทำยังไง,Aircraft Noise,negative
การคมนาคม ทันสมัยรวดเร็วแต่มีเสียง เครื่องบินขึ้นลงมากทั้งวัน,Aircraft Noise,negative
ดีเลย อยู่บริเวณนี้เสียงก็ไม่ดังทำให้ความเป็นอยู่สะดวกสบาย แต่ถ้าเสียงดังตลอดเวลาก็ไม่ดี,Aircraft Noise,neutral
กลัวสิ่งแวดล้อมเป็นพิษอากาศเป็นพิษ เสียงดังนะซิ,Aircraft Noise,negative
ไม่จริงไม่สะดวกสบาย เสียงดัง,Aircraft Noise,negative
มันเสียงดังนะ,Aircraft Noise,negative
ได้อย่างเสียอย่าง สะดวกเสียงดังขึ้น ถ้าเลือกได้ก็มีดีกว่า,Aircraft Noise,negative
มันก็ดีนะ แต่เสียงมันดัง,Aircraft Noise,negative
ใช่จะได้ไม่ต้องขับรถไกล แต่เสียงเครื่องบินทำให้รำคาญบ่อยครั้ง,Aircraft Noise,negative
ไม่สบายหรอกเพราะมีเสียงเครื่องบินรบกวน,Aircraft Noise,negative
"ไม่ดีเป็นอย่างมาก เพราะทุกครั้งที่ได้ยินสียงเครื่องบินขึ้นมีเสียงดังขนาดยืนสนทนากันหรือคุยโทรศัพท์ยังต้องหยุด 
เพราะไม่ได้ยินเสียง",Aircraft Noise,negative
ดี แต่อาจมีเสียงรบกวน,Aircraft Noise,negative
แต่บางครั้งก็มีเสียงรบกวนนะเพื่อน,Aircraft Noise,negative
ไม่ดี มีเสียงดังรบกวน,Aircraft Noise,negative
ใช่ แต่เสียงเครื่องบินมันดัง และน่ารำคาญ,Aircraft Noise,negative
ดี แต่มีเสียงดัง,Aircraft Noise,negative
ไม่ดีเลย มีเสียงรบกวน,Aircraft Noise,negative
มี 2 แง่ ดีที่มีความเจริญ แต่มีเสียงรบกวน,Aircraft Noise,negative
เราว่าไม่ดีสักเท่าไหร่ เพราะเสียงดังรบกวนและน่ากลัว,Aircraft Noise,negative
แต่ในทางที่ดีก็มีสิ่งที่มีผลกระทบกับเราเหมือนกัน เช่น เสียงกับสิ่งแวดล้อม ถ้ามีองค์กรเข้ามาดูแลเป็นประจำก็ดี,Aircraft Noise,negative
มันสะดวกแต่เสียงมันรบกวนเวลาหลับนอนหรือพักผ่อนไม่เพียงพอ,Aircraft Noise,negative
ไม่ใช้ เพราะไม่ได้ใช้บริการเครื่องบิน หนวกหู,Aircraft Noise,negative
"ใช่ ฉันเห็นด้วย แต่มันมักจะมีเสียงรบกวนเวลาฉันคุยโทรศัพท์และทำกิจกรรมในชีวิตประจำวันนี่สิ แต่มันก็แค่ส่วนหนึ่งเล็กน้อยนะ 
ไม่ได้รบกวนจนฉันอยู่ไม่ได้ แต่รำคาญนิดหน่อย",Aircraft Noise,negative
สะดวกอยู่ แต่มันทำให้เสียงดัง,Aircraft Noise,negative
เห็นด้วย แต่เสียงดังรบกวน,Aircraft Noise,negative
ก็ใช้ได้นะแต่เสียงเครื่องบินจะรบกวนชุมชนใกล้เคียงทำให้เป็นมลพิษทางเสียงอย่างรุนแรงเลยนะ,Aircraft Noise,negative
คมนาคมสบาย แต่เสียงรบกวนและมีมลภาวะทางอากาศ,Aircraft Noise,negative
ใช่แล้วทำให้สะดวกสบายก็จริงแต่มันเสียงดังแถมมีมลพิษ,Aircraft Noise,negative
สะดวกแต่เสียงรบกวนมาก,Aircraft Noise,negative
ไม่จริงไปทุกๆเรื่อง สะดวกแต่การเดินทางไปสนามบินเท่านั้น แต่สภาพแวดล้อมมลภาวะทางด้านเสียงรบกวนมากๆ,Aircraft Noise,negative
ไม่ดีเลย อากาศเป็นพิษ รถก็จะติดมากยิ่งขึ้น หนวกหู เสียงเครื่องบิน ไปเปิดที่อื่นจะดีกว่า,Aircraft Noise,negative
ใช่ แต่เสียงเครื่องบินดังไปหน่อย,Aircraft Noise,negative
ไม่ได้ช่วยคนบริเวณนี้แม้แต่นิดเดียวคนที่นี่ยังใช้ชีวิตเหมือนเดิมพร้อมกับเสียงรบกวนของเครื่องบิน,Aircraft Noise,negative
ดีมาก ทำให้สะดวกมากยิ่งขึ้น แต่บางทีฉันว่าเสียงดังไปหน่อยนะ,Aircraft Noise,negative
ไม่เห็นด้วย เพราะเสียงดัง,Aircraft Noise,negative
ไม่ชอบ เสียงดัง,Aircraft Noise,negative
สะดวกสบายก็จริงนะแต่เสียงรบกวนจากเครื่องบินมันมีผลกระทบต่อการอยู่อาศัยของพวกเรา,Aircraft Noise,negative
ก็ดี แต่มันก็ยังมีเสียงดังรบกวน กับการจราจรที่ติดขัด,Aircraft Noise,negative
ไม่ดีแน่เลย เสียงเครื่องบินน่ารำคาญมากทำให้นอนหลับไม่สนิท,Aircraft Noise,negative
ดี แต่เสียงดัง,Aircraft Noise,negative
มันก็สะดวกดีในการเดินทาง แต่ถ้านายไม่ชอบเสียงดังอาจจะไม่ชอบก็ได้นะ แต่ถ้าอยู่ไปมันก็จะชินไปเองเพื่อน,Aircraft Noise,negative
ไม่ดี ทำให้เกิดเสียงรบกวน,Aircraft Noise,negative
มันอาจทำให้รถติดมากขึ้นนะ แถมเสียงดังอีก,Aircraft Noise,negative
สบายจริง แต่เสียงรบกวนดังมาก,Aircraft Noise,negative
"แต่ต้องแลกมากับสภาวะแวดล้อมที่เปลี่ยนไปทั้งเสียงรบกวน มลภาวะจากการเผาไหม้จากเครื่องบินที่ปนเปื้อนในอากาศ
และยังตกลงมาสะสมบนหลังคาบ้านเรื่อน",Aircraft Noise,negative
แต่มันเสียงดังนะ อาจทำให้เกิดความรำคาญได้,Aircraft Noise,negative
ไม่ดีเลย อยุ่ใกล้สนามบินสิ่งแวดล้อมไม่ดี อากาสเสีย เสียงดัง,Aircraft Noise,negative
แต่ผมว่ามันรบกวนผู้อื่นนะ เสียงดังอีกด้วย,Aircraft Noise,negative
แต่ที่บ้านไม่ได้ไปใช้บริการ เสียงดังด้วยที่บ้าน,Aircraft Noise,negative
ไม่ชอบเสียงดัง,Aircraft Noise,negative
ใช่ แต่เสียงดังไปหน่อยนะ,Aircraft Noise,negative
แต่แย่ว่ะ ดุทีวีไม่รู้เรื่องเลย หูตึงไปหมดแล้ว,Aircraft Noise,negative
ก้ดีนะ แต่เสียงดังมากรบกวน,Aircraft Noise,negative
ดี แต่เราไม่ได้ใช้เครื่องบิน มีแต่เสียงที่รบกวนอย่างเดียว,Aircraft Noise,negative
ไม่เลย เสียงดัง,Aircraft Noise,negative
ก็ดี แต่เสียงจะดัง,Aircraft Noise,negative
ไม่ดีเลย เสียงดัง,Aircraft Noise,negative
ไม่ดี เสียงดัง,Aircraft Noise,negative
เราก็ไม่สะดวกหรอก เราไม่ได้ขึ้น สร้างความรำคาญให้เราอีก,Aircraft Noise,negative
มันก็รำคาญหู สะดวกสบายตรงไหน,Aircraft Noise,negative
มันก็ไม่ดีหรอกเป็นการรบกวน,Aircraft Noise,negative
มันก็หนวกหูนะ แต่เจริญดี,Aircraft Noise,negative
ความสะดวกก็ดีนะ แต่มีความหนวกหู,Aircraft Noise,negative
ไม่เห็นด้วยเสียงดัง (แต่ไกลๆไม่เป็นไร),Aircraft Noise,negative
มันก็ดีไปอย่าง แต่เสียงดังบางครั้ง,Aircraft Noise,negative
ก็ดีเสียงตรงนี้ไม่ค่อยดัง,Aircraft Noise,positive
มันก็เป็นบางอย่าง แต่มีเสียงดัง,Aircraft Noise,negative
"ไม่เห็นด้วย เราว่าไม่ดีเท่าไหร่นัก เพราะถ้ามีสนามบินมาเปิดให้บริการอยู่แถวนี้ ผู้คนที่อาศัยอยู่บริเวณนี้ 
ก็จะได้รับความรบกวนจากเสียงมากกว่าถึงมันจะสะดวกสบายในการเดินทางไปไหนมาไหนก็เถอะ 
เราว่าเค้าควรไปเปิดบริการในที่ห่างไกลจากแหล่งที่อยู่อาศัย ชุมชน หมู่บ้านนะ",Aircraft Noise,negative
เสียงรบกวนมันมาก,Aircraft Noise,negative
ก็ดี ไม่ค่อยมีเสียงรบกวน,Aircraft Noise,positive
"ไม่ดีเลย เพราะว่ามีความวุ่นวายมากขึ้น การจราจรติดขัด อากาศเป็นพิษจากควันท่อไอเสียเครื่องยนต์ มีเสียงดังจากเครื่องบิน 
ขึ้น-ลง รวมทั้งรถยนต์-รถมอเตอร์ไซต์ที่มากขึ้น",Aircraft Noise,negative
มันก็ดีนะ มีความเจริญมากขึ้น แต่เสียงดังของเครื่องบินนี่ซิ แย่หน่อย รถก็ติดมากด้วย เฮ้อทำใจ,Aircraft Noise,negative
เราก็เฉยๆ ไม่ได้เดินทางไปไหนหนวกหูอีกตะหาก,Aircraft Noise,negative
ใช่ไปมาสะดวกขึ้นถึงแม้เสียงของเครื่องบินจะดังไป,Aircraft Noise,negative
ไม่มีเลย น่ารำคาญ,Aircraft Noise,negative
มันก็สะดวกสบายอยู่ แต่มันก็หนวกหูนะ,Aircraft Noise,negative
ไม่เกี่ยวกันนะ ได้รับเสียงรบกวน,Aircraft Noise,negative
คนอื่นเค้าก็สะดวกสบายแหละแต่เราไม่ได้ใช้บริการแถมยังมีปัญหาเรื่องเสียง กลิ่นเหม็นน้ำมันสน ขยะ,Aircraft Noise,negative
ไม่อยากให้เปิดเลย หนวกหูรำคาญละลูกเอ๊ย,Aircraft Noise,negative
ก็ดี กับความเจริญแต่มีปัญหาทางด้านเสียง,Aircraft Noise,negative
ไม่ค่อยดี เสียงดัง,Aircraft Noise,negative
ไม่ชอบ เพราะเสียงดัง,Aircraft Noise,negative
ไม่ดีอ่า รำคาญเสียง,Aircraft Noise,negative
ไม่ดีเลย เพราะ มีเสียงรบกวนตลอดเวลาพอดี TV ต้องเปิดเสียงดังเพิ่ม จนบางที ลำโพง TV แตก,Aircraft Noise,negative
มันเสียงดัง แต่การคมนาคมก็สะดวกจริง แต่มันก็เสียงดังมาก,Aircraft Noise,negative
ไม่ดีหรอกมันสะดวกสบายแต่ว่ามันเสียงดัง,Aircraft Noise,negative
มันก้ดีเหมือนกัน แต่บางทีมันหนวกหู,Aircraft Noise,negative
ไม่เห็นด้วย เสียงดัง มีมลพิษอากาศ,Aircraft Noise,negative
ดีนะแต่ว่าเสียงเครื่องบินจะดังน้อยกว่านี้นะ,Aircraft Noise,negative
มันก็ดีนะ แต่ก็มีบ้างที่เสียงเครื่องบินรบกวนการพักผ่อนของเรา,Aircraft Noise,negative
ไม่ดีเลยมีเสียงรบกวน  การจราจรก็แออัด เราต้องนอนไม่ค่อยหลับแน่,Aircraft Noise,negative
จริงเหรอ แต่ฉันว่าเสียงเครื่องบินเวลาขึ้นลงจะดังมากนะ,Aircraft Noise,negative
ไม่เห็นสะดวกสบายเลยรบกวนตลอดเวลา,Aircraft Noise,negative
ดีนะ ก็ดี ถ้าไม่มีเสียงให้รำคาญ,Aircraft Noise,negative
ไม่เห็นจะดี เพราะเสียงมันดัง,Aircraft Noise,negative
ไม่เห็นด้วย เสียงดังเลยไม่ชอบ,Aircraft Noise,negative
ก็ดีนะ แต่เสียงมันดัง,Aircraft Noise,negative
ดี ที่มีความสะดวกสบายแต่เสียงดังไปหน่อย,Aircraft Noise,negative
ก็เจริญดีนะ แต่ดังไปเป็นบางครั้ง,Aircraft Noise,negative
สะดวกสบายคนอื่น แต่เราเดือดร้อนเสียงดัง,Aircraft Noise,negative
จริงอยู่ แต่มลภาวะเสียงก็ตามมาเช่นกัน,Aircraft Noise,negative
เสียงดังไปหน่อย,Aircraft Noise,negative
"แต่เสียงของเครื่องบินก็ดังมากนะ แรกๆตกใจตื่นตอนกลางคืนเลย มลพิษทางอากาศก็เกิดขึ้นยิ่งช่วงหน้าหนาว
เครื่องบินปรับทิศทางการขึ้นบินเสียงยิ่งดังมากๆ",Aircraft Noise,negative
ไม่สบาย เพราะเราไม่ได้ใช้เครื่องบินมีเสียงดังด้วยซ้ำ,Aircraft Noise,negative
ไม่ดี เสียงดัง น่ารำคาญ,Aircraft Noise,negative
ไม่สะดวกสบายเพราะมีเสียงรบกวน,Aircraft Noise,negative
สะดวกก็จริง แต่ว่ามันมีเสียงรบกวนที่น่ารำคาญ ทำให้ต้องตื่นมากลางดึกบ่อยครั้งมาก,Aircraft Noise,negative
ชอบ สะดวกสบายดีเจริญขึ้นเยอะๆ แต่มีเสียงดังไปหน่อย,Aircraft Noise,negative
ได้ส่วนเดียวคือการเดินทางไปสนามบิน แต่เรื่องมลพิษเสียมาก,Aircraft Noise,negative
ไม่ดีจะทำให้เสียงดัง อาจเกิดมลพิษ,Aircraft Noise,negative
จะเสียงดังขึ้นกว่าที่เป็นอยู่,Aircraft Noise,negative
เสียงดัง รบกวน,Aircraft Noise,negative
แต่เราว่าเสียงดังมากนะ คลื่นทีวีและสัญญาณอิเตอร์เน็ตหาย ฝ้าห้องนอนสั่น รบกวนมาก,Aircraft Noise,negative
เสียงดังและรถติดมากขึ้นน่ะสิ,Aircraft Noise,negative
เสียงมันดัง,Aircraft Noise,negative
สดวกสบายแต่ก้มีเสียงรบกวนมากขึ้นการจราจรก็อาจจะติดขัดมากกว่าเดิม,Aircraft Noise,negative
ไม่เห็นด้วย มีผบกระทบอื่นๆระยะยาว เช่น เสียงการขยายตัวของเมือง(คนย้าย รถติด),Aircraft Noise,negative
"มันมีทั้งข้อดีและข้อเสียนะ ข้อดีก็ตรงที่ทำให้ความเป็นอยู่สะดวกสบายยิ่งขึ้น แต่ข้อเสียก็คือ 
เป็นต้นเหตุของเสียงที่ก่อความลำคาญในบ่อยครั้ง",Aircraft Noise,negative
ไม่ดีซิเพราะว่าเสียงจากเครื่องบินรบกสนการนอนของเรานะซิ,Aircraft Noise,negative
แต่ก็มีข้อเสียอยู่บ้านคือ มีเสียงดังตตลอดเวลา รถติด มลภาวะทางอากาศไม่ดีนัก,Aircraft Noise,negative
ไม่ดี มีเสียงรบกวน,Aircraft Noise,negative
"มันก็ดี มีรถประจำทางผ่านเยอะ ไม่ต้องรอนาน อย่างอื่นก็เหมือนเดิม สนามบินก็ไม่ได้มีโอกาสไปใช้ตอนสร้างใหม่ 
เสียงก็ดังตอนนี้ชินแล้ว",Aircraft Noise,negative
"ก็ดีมีสิ่งอำนวยความสะดวกมันก็เพิ่มขึ้นในแถวบ้านผลเสียของการมีสนามบินก็ไม่ค่อยมีนะ 
เพราะเราไม่ได้อยู่ใกล้ให้ได้ยินเสียงขนาดนั้นแต่ก็มีบ้าง แต่ไม่รู้ว่าเพราะสนามบินรึเปล่า",Aircraft Noise,neutral
ไม่ดีหรอก คิดว่าหนวยกหูกันนะ แต่รถเยอะของเราก็ขายได้,Aircraft Noise,negative
ก็ดี แต่มีเสียงเครื่องบิน สะดวกสบายก็จริง แต่คนเยอะรถติด การจราจรแย่มาก,Aircraft Noise,negative
จะดีกว่านี้ ถ้าไม่มีเสียงดัง,Aircraft Noise,negative
"ก็เฉยๆนะ บ้านเราอยู่ใกล้สนามบินบางทีเสียงเครื่องบินก็ดังมากเหมือนกันในบางที แต่บางทีเราก็ว่าเราเดินทางสะดวกดี
เพราะมีสนามบินมาเปิดใกล้ๆ ทำให้แถวบ้านเราการเดินทางสะดวกมากขึ้น เช่นมี airportlink มา",Aircraft Noise,negative
ก็มีความสะดวกสบายยิ่งขึ้น แต่จะมีเสียงดังรบกวน,Aircraft Noise,negative
ที่อื่นเขาสะดวกสบายแต่เราอยู่ตรวทางขึ้น- ลง ของสนามบินมีเสียงรบกวนมากเกินไป,Aircraft Noise,negative
ก็ดีนะถ้าเสียงไม่ดัง,Aircraft Noise,negative
มันก็จริงอยู่นะ แต่มันต้องแลกมาด้วยเรื่องสิ่งรบกวนทางด้านเสียงหรือเรื่องการจราจรที่อาจจะหนาแน่นขึ้น,Aircraft Noise,negative
ก็จริงแต่ก็มีเสียงรบกวนนิดหน่อย,Aircraft Noise,negative
ได้รับผลกระทบด้านสิ่งแวดล้อม,Aircraft Noise,negative
มันก็ดี แต่เสียง ต้องมาดูแลชาวบ้านบ้าง ในเรื่องของเสียง,Aircraft Noise,negative
ฉันไม่ชอบ มันอาจจะมีเสียงดังของเครื่องบินทำให้เรารำคาญนะสิ,Aircraft Noise,negative
แต่ฉันว่าเสียงรบกวนคงมากเลยแหละ,Aircraft Noise,negative
มันสะดวกสบายก็จริง แต่คนที่เขาอยู่บ้านแถวนี้ เขาจะอยู่ไม่ได้เนื่องจากเสียงรบกวนของเครื่องบิน,Aircraft Noise,negative
ไม่ดี เสียงดัง,Aircraft Noise,negative
แต่มันก็จะเสียงดังมั้ยล่ะ มันจะหนวกหูเอามั้ย!,Aircraft Noise,negative
"ไม่ดีหรอก วุ่นวาย ผู้คนเยอะแยะมากมาย ไม่รู้ใครเป็นใคร เสียงดัง ถ้าเป็นเมื่อก่อนคิดว่าน่าจะดี 
แต่เดี๋ยวนี้ไม่ ถ้าเลือกได้ อยากกลับไปอยู่ต่างจังหวัด",Aircraft Noise,negative
แต่อาจเกิดเสียงดังรบกวน,Aircraft Noise,negative
เสียงเครื่องบินดังมาก,Aircraft Noise,negative
"ในความคิดเรา ไม่สะดวกสบายนะสำหรับเรา คนที่สะดวกก็คือคนที่เดินทางทางเครื่องบิน กลับกัน 
เรากลับหนวกหูเสียงเครื่องบินมากกว่า",Aircraft Noise,negative
มันก็ดี แต่ก็มีเสียงดังรบกวน,Aircraft Noise,negative
ไม่ดี เพราะมีเสียงรบกวนมาก,Aircraft Noise,negative
"สะดวกสบายขึ้นก็จริงแต่ก็ยังรำคาญเสียงเครื่องบินอยู่ แถมเครื่องบินบินผ่านทีนี้หลายไฟล์มาก 
รู้สึกหนวกหูมากกว่าสะดวกสบายนะ",Aircraft Noise,negative
ก็ดีอยู่ แต่ก็หนวกหู เวลาเครื่องบิน บินผ่าน,Aircraft Noise,negative
"ดีแน่ๆ ความเจริญที่เข้ามา ถนน ร้านค้า ถ้าการคมนาคมการสื่อสาร ความสะดวกสบาย งานอาชีพ 
แต่ก็จะต้องยอมรับสิ่งที่จะตามมา คือมลพิษทางเสียง กลื่น ความแอดอัด",Aircraft Noise,negative
ฉันว่าเสียงมันดังรบกวน จะนอนก็ได้ยินแต่เสียงเครื่องบิน,Aircraft Noise,negative
คงไม่ดีเท่าไร สะดวสบายก็จริง แต่เสียงของเครื่องบินมันดังมาก,Aircraft Noise,negative
สะดวกสบายก็จริง แต่เสียงรบกวนมาก,Aircraft Noise,negative
มันอยู่ที่คนใช้เครื่องบิน คนรวยอะ แต่คนจนก็รำคาญ,Aircraft Noise,negative
ไม่ดี เพราะเราไม่ได้ไปไหน แล้วก็รำคาญ,Aircraft Noise,negative
ก็ดีนะคะ แต่อยากให้ลดเสียงลง,Aircraft Noise,negative
สะดวกเรื่องอื่น แต่เรื่องเสียงรำคาญมาก ชดเชยก็ไม่ทั่วถึง,Aircraft Noise,negative
ก็ดีนะ สะดวกดี ถึงเสียงจะดังไปนิด ก็ต้องทนเอาหน่อยนะ เพื่อนความเจริญของบ้านเรา,Aircraft Noise,negative
ค่อนข้างหนวกหู และกลัวว่าเครื่องบินจะตกลงมา,Aircraft Noise,negative
ไม่ได้สะดวกสบายขึ้นหรอก กลับกันมีแต่ความแออัด เสียงดัง กว่าจะปรับตัวได้ก็ต้องใช้เวลานานเหมือนกัน,Aircraft Noise,negative
ไม่ชอบ เพราะทำให้เสียงดังรบกวน,Aircraft Noise,negative
เสียงอาจจะรบกวนมากขึ้น มีความเสี่ยง ถ้าเครื่องบินตกลงมา,Aircraft Noise,negative
ไม่ดี เสียงดัง,Aircraft Noise,negative
เสียงดัง,Aircraft Noise,negative
ไม่เอา เสียงดัง แค่นี้ก็พอแล้ว,Aircraft Noise,negative
สะดวก แต่เสียงดังรบกวน,Aircraft Noise,negative
ไม่ดี เสียงดัง,Aircraft Noise,negative
ไม่เลย เพราะมันมีเสียงดังรบกวน,Aircraft Noise,negative
ไม่ดี เพราะมีรถติด โดยเฉพาะช่วงเย็น เสียงดังด้วย,Aircraft Noise,negative
ไม่ดี เพราะเสียงดัง รถติด,Aircraft Noise,negative
ดี แต่ไม่ดีตรงเสียงดังของเครื่องบิน,Aircraft Noise,negative
ดี การเดินการสะดวกสบาย แต่เสียงดังไปหน่อย,Aircraft Noise,negative
สะดวกสบายดี แต่เสียงเครื่องบินเวลากลางคืนตอนที่บินต่ำ,Aircraft Noise,negative
ไม่จริง เพราะระบบการบินจะทำให้รบกวนความเป็นอยู่ของผู้อาศัยบริเวณนี้ เสียงดังรบกวน,Aircraft Noise,negative
ก็สะดวก แต่จะมีเสียงดังรบกวน,Aircraft Noise,negative
ไม่จริงหรอก เสียงเครื่องบินเวลามันขึ้นทำให้ฉันนอนไม่หลับ เพราะมันเสียงดังมากเลย,Aircraft Noise,negative
ก็ใช่ ความเจริญเข้ามา แต่มีเสียงรบกวน,Aircraft Noise,negative
ไม่เห็นด้วยหรอก เสียงดัง,Aircraft Noise,negative
มันก็จะมีเสียงดัง แต่ถ้าไม่ทำ สนามบินประเทศก็ไม่เจริญอีก,Aircraft Noise,negative
มันก็ดีอะ แต่เสียงดัง,Aircraft Noise,negative
สำหรับเรามันก็หนวกหู,Aircraft Noise,negative
มันสะดวก แต่ว่าเสียงดัง,Aircraft Noise,negative
ไม่ดีหรอก หนวกหู,Aircraft Noise,negative
ก็ดีนะ แต่เสียงดังหน่อย,Aircraft Noise,negative
ก็ดีนะ เจริญขึ้น แต่เราก็ไม่เคยใช้บริการและก็มีเสียงดังด้วยนะ เป็นบางครั้ง ดีกว่าเมื่อ่อนเยอะ,Aircraft Noise,negative
กลัวมลภาวะทางเสียงจะรบกวน,Aircraft Noise,negative
ก็ดีนะ แต่เสียงน่าจะดังมาก หนวกหู นอนไม่หลับ,Aircraft Noise,negative
จะมีเสียงรบกวนจากเครื่องบิน เป็นครั้งราว ขึ้นอยู่กับทิศทางลมที่เครื่องบินขึ้น ละข้อดี อยู่ใกล้ไม่ต้องเสียเวลาในการเดินทาง,Aircraft Noise,negative
ไม่ดีเสียงดังรบกวน ดูทีวีไม่รู้เรื่อง ตอนกลางคืนนอนไม่ค่อยได้,Aircraft Noise,negative
มันจะทำให้เสียงดัง ใครๆก็ไม่ต้องการ,Aircraft Noise,negative
มันน่าจะมีผลกระทบกับเรา ทางด้านเสียงและมลภาวะทางอากาศ,Aircraft Noise,negative
เราไม่เคยขึ้นเครื่องบิน มันเกิดเสียงดังรบกวน ได้รับความรำคาญ,Aircraft Noise,negative
แต่ฉันคิดว่าไม่โอเคนะ เพราะเสียงเครื่องบินจะรบกวนมาก,Aircraft Noise,negative
ไม่ดี จะทำให้เกิดเสียงดังและเหม็นน้ำมันเครื่องบิน,Aircraft Noise,negative
ไม่เลย! มีแต่เสียงดัง รถติดมากขึ้น,Aircraft Noise,negative
ดีมันก็ดี แต่ก็ดังรบกวน,Aircraft Noise,negative
ไม่ดี เสียงดัง บ้านก็พัง ไม่ได้รับการชดเชยด้วย โทรทัศน์ก็ไม่ได้,Aircraft Noise,negative
แต่ฉันว่ามันรบกวนคนที่เขาทำงานกลางคืนนะ,Aircraft Noise,negative
"ไม่จริงเลยที่มีการเปิดบิรการสนามบินใกล้ๆบริเวณนี้เพราะจะทำให้เสียงเครื่องบินรบกวนคนที่อยู่บริเวณนั้น
และรบกวนการนอนของคนอื่นๆ",Aircraft Noise,negative
ก็ดีเสียงไม่ได้รบกวนอะไร,Aircraft Noise,positive
สะดวกสบายแต่ก็เกิดผลกระทบทางอ้อมทั้งหลายอย่างทั้งมลพิษทางอากาศ เสียงเครื่องบินและการจราจรที่คับคั้งมากกว่าเดิม,Aircraft Noise,negative
เสียงดังรบกวน ไม่ชอบ,Aircraft Noise,negative
ไม่ยินดีเลยมันทำให้เสียงดังมากขึ้น,Aircraft Noise,negative
มันเสียงดังเกินไป อีกอย่างมัมไม่ได้มีผลอะไรกับเราอ่า,Aircraft Noise,negative
ไม่ดีเลย เสียงดัง,Aircraft Noise,negative
ไม่เอาหนวกหูไม่ได้อยากขึ้นเครื่องบินอยู่แล้ว,Aircraft Noise,negative
ก็ดีนะ ทำให้บ้านเราเจริญ แถวนี้ไกลจากเสียงเครื่องบิน,Aircraft Noise,positive
สะดวกสบายนะ แต่มีเสียงรบกวนมากไปหน่อย,Aircraft Noise,negative
ไม่ดี ไม่ชอบเสียงรบกวน กำลังร้องเรียนอยู่,Aircraft Noise,negative
ไม่ดี เสียงดัง,Aircraft Noise,negative
สะดวกก็สะดวกนะ แต่เราไม่ชอบเสียงดังเลย รถก็ติด,Aircraft Noise,negative
มีทั้งดีทั้งเสีย ก็สะดวก แต่เสียงดัง,Aircraft Noise,negative
ดี แต่เสียงดัง ,Aircraft Noise,negative
ก็ดี สัญจรทางอากาศดี แต่หนวกหู,Aircraft Noise,negative
ไม่จริง ก็ปกติ ไม่สบายขึ้น หนวกหูด้วย,Aircraft Noise,negative
แต่เสียงเครื่องบินดัง ถ้าเครื่องบินเก็บเสียงได้ก็จะดีมาก,Aircraft Noise,negative
ไม่จริงหรอก เราไม่ได้ขึ้นเครื่องบินทุกวัน เราได้ยินแต่เสียงเครื่องบิน ดูTVฟังก็ไม่รู้เรื่อง ชั่วชีวิตจะขึ้นเครื่องบินกี่ครั้งเชียว,Aircraft Noise,negative
ไม่เห็นด้วย เชิงธุรกิจดี แต่วิถีชาวบ้านไม่ดี เสียงรบกวน,Aircraft Noise,negative
นำความเจริญมาให้ ดี เห็นด้วย ยอมรับเรื่องเสียงได้,Aircraft Noise,positive
การเดินทางสะดวกสบายดี แต่มีปัญหาเรื่องเสียงและมลภาวะ,Aircraft Noise,negative
ไม่ค่อยดีครับ เสียงรบกวนมาก,Aircraft Noise,negative
สะดวกสบายทุกอย่าง ยกเว้นหูของเรา,Aircraft Noise,negative
เราว่าไม่ดีนะเพราะเวลาเครื่องบินขึ้นจะทำให้เสียงดังมากและรบกวนคนอื่นด้วย,Aircraft Noise,negative
ดี แต่เสียงดัง เวลาเครื่องบินขึ้นลง,Aircraft Noise,negative
ไม่ดี เสียงดัง เราไม่สามารถอยู่แบบเงียบได้,Aircraft Noise,negative
ก็ดีนะ ก็สะดวกสบายชั้น ก็ไม่ได้รบกวนเท่าไหร่,Aircraft Noise,neutral
ไม่ดีขึ้นหรอก หนวกหูจะตาย มาที ทีวีก็ดูไม่ได้,Aircraft Noise,negative
หนวกหู รบกวน,Aircraft Noise,negative
ไม่ชอบ หนวกหู,Aircraft Noise,negative
สะดวกสบายจริง แต่มันเสียงดัง ดีอย่างเสียอย่าง,Aircraft Noise,negative
ไม่ชอบ มันหนวกหู,Aircraft Noise,negative
ผมก็ว่ามันดี รำคาญนิดหน่อยแต่ก็อยู่ได้,Aircraft Noise,negative
รู้สึกเจริญขึ้น แต่รถรถติดเยอะขึ้น มีคนอาศัยอยู่แถวนี้เยอะขึ้น,Life Convenience,negative
ทำให้รถวิ่งมากขึ้นการจราจรติดขัด มลภาวะจากรถยนต์มากขึ้น,Life Convenience,negative
สะดวกสบาย เสียงจากสนามบินไม่มี,Life Convenience,positive
แต่ปัญหารถติด ลำบากในการไปทำงาน,Life Convenience,negative
ดีสะดวกสบายดี เข้าอาเซียน อาจจะทำให้การค้าขายดีขึ้น,Life Convenience,positive
สะดวกแต่เสียงดัง,Life Convenience,positive
ดีมากในแง่ของความสะดวกสบายเจริญดีขึ้น แต่ในแง่ของความเป็นอยู่เรื่องสุขภาพร่างกายจะแย่ลง,Life Convenience,positive
ดี,Life Convenience,positive
ก็ดีมันทำให้ชีวิตสะดวกสบายดีนะ,Life Convenience,positive
ดีได้ไง เสียงจากเครื่องบิน,Life Convenience,negative
ไม่เอาค่ะ ความวุ่นวายจะตามมา,Life Convenience,negative
มันดีมากเลย มันเจริญ,Life Convenience,positive
มีทั้งข้อดีและข้อเสีย ข้อดี คือ มีสิ่งอำนวยความสะดวกบ้านเมืองเจริญ ข้อเสีย คือ เสียงดังรบกวน,Life Convenience,positive
ไม่ดีเลย,Life Convenience,negative
ไม่เกี่ยวไม่มีผลอะไรนะ,Life Convenience,neutral
ก็สบาย ไปเล่นได้,Life Convenience,positive
ไม่เห็นดีเลย หนวกหู ดูทีวีก็ไม่รู้เรื่อง คุยโทรศัพท์ก็ไม่ได้ยิน,Life Convenience,negative
ดี เศรษฐกิจดีขึ้น,Life Convenience,positive
ดี สะดวกสบายดีแต่จะมีปัญหามลพิษ,Life Convenience,positive
เห็นด้วยนะ เสียอย่างเดียวเสียงดัง รบกวนการนอน,Life Convenience,positive
จริงหรอ?,Life Convenience,negative
ไม่ดีเลย เสียงดังรบกวน มลพิษอากาศ แต่ก็ดีอย่างเสียอย่าง,Life Convenience,negative
ก็ดีแหละ แต่เสียงจะดัง,Life Convenience,positive
ใช่ค่ะ แต่ถ้าเสียงไม่ดังจะดีกว่านี้,Life Convenience,positive
ก็เจริญขึ้นแต่เสียงรบกวนเราอยู่ที่ใกล้ๆสนามบิน,Life Convenience,positive
ดี สะดวกสบาย,Life Convenience,positive
ดี จะเหมาะสำหรับประกอบธุรกิจ แต่มีมลภาวะทางเสียง,Life Convenience,positive
ไม่ได้สบายทุกอย่างหรอก,Life Convenience,negative
สะดวกสบายดี เรื่องของกินของใช้ดีนะ,Life Convenience,positive
ใช่ เห็นด้วย,Life Convenience,positive
ไม่จริงเสมอไป อาจจะคับคั่งไม่สะดวกในการเดินทางก็ได้,Life Convenience,negative
ดี จะได้ช่วยอำนวยความสะดวก มีความเจริญเข้ามา,Life Convenience,positive
"ฉันไม่อยากให้มีสนามบินบริเวณนี้ หนวกหูมันทำให้การจราจรแน่นหนา ฉันไม่สามารถโดยสารเครื่องบินที่นี่ 
เพราะฉันต้องขึ้นเครื่องบินที่สานมบินดอนเมือง เพราะส่วนมากจะบินภายในประเทศ",Life Convenience,negative
ไม่แน่เสมอไป อย่างน้อยเสียงก็รบกวนความเป็นอยู่ เพราะเมื่อกลับมาบ้านก็อยากจะพักผ่อน,Life Convenience,negative
ฉันคิดว่ามันมีปัจจัยเสี่ยงเข้ามาในชีวิตของเรา ถ้าจะต้องแลกกับความสะดวกสบาย,Life Convenience,neutral
ใช่คะ,Life Convenience,positive
"ไม่เป็นจริง การคมนาคม การจราจรทำให้เพิ่มปัญหามากขึ้น การเดินทางรถจะติดมากขึ้น
ใช้เวลาในการเดินทางมากขึ้น เวลาพักผ่อนจะลดลง ปัญหาสิ่งแวดล้อมจะตามมาอีกมากมาย ถ้าไม่เชื่อคอยดู 5-10 ปี",Life Convenience,negative
มันได้ 2 แง่ 1.มีความเจริญเพิ่มมากขึ้น 2.ความเจริญไปรบกวนความสุขส่วนตัว,Life Convenience,neutral
ก็ดีนะ แต่ชอบแบบก่อนหน้านี้มากกว่า,Life Convenience,positive
สะดวกสบายดีแต่มีเสียงรบกวน,Life Convenience,positive
ก็ดีที่มีนะ แต่รถติด,Life Convenience,neutral
ก็มาอยู่เพราะมีสนามบิน แต่รถติดไปหน่อย,Life Convenience,neutral
เฮ้ย! มันเสียงดังนะ มันรบกวนคนอื่นด้วยนะ,Life Convenience,negative
ก็ดีสะดวกสบายมาก ไม่ต้องไปไกล,Life Convenience,positive
ก็ดีสะดวกสบายในการเดินทาง,Life Convenience,positive
สะดวก,Life Convenience,positive
ก็ดีสะดวกในการเดินทาง,Life Convenience,positive
มันก็สะดวกสบาย แต่เสียงที่ดังรบกวนทำให้รู้สึกรำคาญ,Life Convenience,positive
ไม่ดี เพราะเกิดเสียงดังมากขึ้น คนพลุกพล่านทำให้รถติด,Life Convenience,negative
ดีเพราะสนามบินอยู่ใกล้ ก็สะดวกดีแต่เสียงดังรบกวน,Life Convenience,positive
แต่รถก็ติดขึ้นด้วย กว่าจะกลับถึงบ้านใช้เวลานาน,Life Convenience,negative
ก็ไม่ได้สะดวกมากขึ้น แต่ก็ไม่สามารถจะทำอะไรได้ ถ้ามีการเปิดสนามบิน,Life Convenience,negative
สะดวกสบายดี เวลามีเพื่อนมาก็ไปรับไปส่งได้ง่าย,Life Convenience,positive
เห็นด้วย จะสะดวกสบายยิงขึ้น แต่จะมีเสียงรบกวน,Life Convenience,positive
มันก็มีทั้งดีและไม่ดีแหละ,Life Convenience,neutral
ก็ดีนะ แต่จะมีเสียงดังรบกวน,Life Convenience,positive
ดี แต่มีเสียงรบกวนมากๆ,Life Convenience,positive
ไม่สะดวกสบาย แต่เสียงดัง,Life Convenience,negative
ดี ลูกมีงานทำ,Life Convenience,positive
ก็ดี มีความเจริญมากขึ้น แต่จะมีเสียงดังของเครื่องบิน,Life Convenience,positive
ไม่เลย เสียงจะดังรบกวน,Life Convenience,negative
หรา รถติดทุกวันอะดิ,Life Convenience,negative
ตอนแรกก็คิดว่าอย่างนั้นนะแต่พอมาลองสัมผัสมันไม่ใช่เลยมีแต่เสียงรบกวนตลอดเวลา,Life Convenience,negative
สนามบินดีนะ สะดวกสบายในการเดินทางไปต่างประเทศ รวมถึงมีแอร์พอตลิงค์ทำให้สะดวกในการเดินทางยิ่งขึ้น,Life Convenience,positive
ดีเหมือนกัน เรารู้สึกว่าพื้นที่แถวนี้กำลังได้รับความสนใจมากขึ้นนะ น่าจะมีโครงการพัฒนาใหม่ๆ มา น่าตื่นเต้นดี,Life Convenience,positive
ก็สะดวกสบายนะ แต่มีเสียงดัง,Life Convenience,positive
พี่เห็นด้วยกับการเจริญขึ้นนะ,Life Convenience,positive
ก็ดีค่ะ แต่อาจมีเสียงรบกวนหน่อย,Life Convenience,positive
ก็ดีนะ เศรษฐกิจจะได้ดี เช่น บ้านเช่า,Life Convenience,positive
ดีขึ้น แต่มีเสียงก็ยังรบกวน,Life Convenience,positive
ดี กิจการที่บ้านดีขึ้น,Life Convenience,positive
ดี แต่มีเสียงรบกวน,Life Convenience,positive
"แม้จะมีความสะดวกสบายอยู่มาก แต่เราอาจได้รับมลพิษทางเสียง จากากรคมนาคมโดยเฉพาะเครื่องบิน 
ซึ่งอาจจะส่งผลเสียต่อสุขภาพและคุรภาพการใช้ชีวิตของเราในระยะยาวได้",Life Convenience,positive
ใช่เลย ทุกอย่างมีการพัฒนา ถนน รถไฟฟ้า Airport Link,Life Convenience,positive
พอสมควร,Life Convenience,neutral
ก็ดีอะ,Life Convenience,positive
ไม่ดีเลยเสียงรบกวนแล้วการจราจรรถติดมากขึ้นตามมาทำให้ความเป็นอยู่ไม่สะดวก,Life Convenience,negative
ดี มีความเจริญเข้ามา,Life Convenience,positive
ไม่ดีเลย วุ่นวาย,Life Convenience,negative
ไม่ดีเลยทำให้รถติด,Life Convenience,negative
สะดวกสบายแต่เครื่องบินเสียงดังมากๆ ฝุ่นในบ้านเยอะมากๆ,Life Convenience,positive
"จริงหรอ มอลพิษทางเสียง การจราจร จริงอยู่ มีงานทำ มีรายได้เพิ่มขึ้นจากพนักงานภายใต้สนามบิน
แต่ความสะดวกสบายไม่ได้เกิดขึ้น เพราะไม่ได้เดินทางด้วยเครื่องบินทุกวัน",Life Convenience,negative
ดีที่มีความสะดวกสบายเพิ่มขึ้น แต่ผลกระทบก็มากตาม,Life Convenience,positive
ไม่เห็นดีเลยเสียงดัง,Life Convenience,negative
ดีมากครับ,Life Convenience,positive
ก็ดีนะ,Life Convenience,positive
ก็เห็นด้วย การเดินทางสะดวกขึ้น,Life Convenience,positive
1.สะดวกในการเดินทางไปสนามบิน 2.เสียงไม่รบกวน,Life Convenience,positive
เห็นด้วยจ๊ะ,Life Convenience,positive
ก็โอเคนะ,Life Convenience,positive
ไม่เห็นด้วย,Life Convenience,negative
แนวนั้น,Life Convenience,positive
จะได้ไปถึงที่นัดหมายเร็มากขึ้น,Life Convenience,positive
ก็ดีแต่ก็มีข้อเสียในเรื่องของเสียงรบกวนหน้าจะทำการวิจัยเรื่องการแก้ไขปัญหาที่อยู่อาศัยบริเวณนี้,Life Convenience,positive
แต่มันก็มีผลกระทบทางอื่นๆ สำหรับคนที่อยู่มาก่อนหน้านี้นะตัวเอง การจราจรก็ติดขัดมากขึ้นด้วย,Life Convenience,negative
ดีขึ้น,Life Convenience,positive
ดีเห็นด้วยเลย,Life Convenience,positive
ก็ดี แถวนี้จะได้เจริญมากขึ้น,Life Convenience,positive
ดี แต่เวลาเครื่องบินขึ้นจะมีเสียงรบกวน,Life Convenience,positive
ฉันเห็นด้วย,Life Convenience,positive
ดี จะได้มีการคมนาคมที่สะดวกสบาย,Life Convenience,positive
ดีเหมือนกัน คนจะได้มีงานทำ เศรษฐกิจจะได้ดีขึ้น,Life Convenience,positive
ไม่ค่อยดี จะมีเสียงรบกวน,Life Convenience,negative
ก็ดี ก็ทัดเทียมกับต่างชาติ แต่เสียงรบกวน,Life Convenience,positive
ดีนะ การเดินทางจะได้สะดวกสบาย,Life Convenience,positive
"สะดวกสบายก็จริง แต่เราต้องเจอกับเสียงที่คอยรบกวน และยังมีผู้คนเข้ามาเยอะแยะบางทีก้ทำให้ดูวุ่นวาย 
การเปิดสนามบิน ก็มีทั้งข้อดี และข้อเสียพอๆกันเลย",Life Convenience,neutral
สะดวกนะ ทำให้มีงานทำ,Life Convenience,positive
มีดีและข้อเสีย การคมนาคมดีขึ้น,Life Convenience,neutral
ทำไมความเจริญจึงต้องงมารบกวนสิทธิความเป็นอยู่ของเรา,Life Convenience,negative
OK สะดวกสบายมากขึ้น แต่ทำให้รถมากขึ้น ทำให้สายต่อการทำงาน,Life Convenience,neutral
แต่เสียงรบกวนทำให้ฉันนอนไม่หลับนะ,Life Convenience,negative
มันก็ดี แต่จะมีเสียงดังรบกวน,Life Convenience,positive
ไม่รู้ซิเราไม่ได้ผลประโยชน์และไม่ได้เสียประโยชน์อะไร,Life Convenience,neutral
สะดวกสบายดี แต่รบกวนจากเครื่องบินมากๆๆ และสัณญาณทีวี,Life Convenience,positive
ดี เดินทางสบาย,Life Convenience,positive
ไม่ดี เกิดเสียงดัง,Life Convenience,negative
ก็ดี,Life Convenience,positive
ก็สะดวกสบายดี เดินทางไปสนามบินใกล้,Life Convenience,positive
ก็ดี,Life Convenience,positive
ใช่สะดวกจริงดีจริง,Life Convenience,positive
ก็ดีอ่ะนะ,Life Convenience,positive
ก็คงดี มันสะดวกในหลายๆด้าน,Life Convenience,positive
ก็ดีนะ ความเจริญมันก็เข้ามาไง,Life Convenience,positive
ก็ดีซินะ เราจะได้ไปไหนก็ดี,Life Convenience,positive
ก็ดีอ่ะ,Life Convenience,positive
ก็ดีอ่ะ ทำให้เราเดินทางได้ง่าย,Life Convenience,positive
มันก็จริงอ่ะ สะดวก แต่รถติด,Life Convenience,neutral
มันก็ดี จะได้ไปไหนสะดวกขึ้น,Life Convenience,positive
ไม่ดี เพราะจะถูกรบกวนจากเสียง,Life Convenience,negative
ดี แต่มีเสียงดังไปหน่อย,Life Convenience,positive
ไม่ค่อยสะดวก หนวกหู ทำให้รถติด,Life Convenience,negative
ก็ดีนะ ทันสมัย สะดวกรวดเร็ว,Life Convenience,positive
ดีค่ะ สะดวกสบาย,Life Convenience,positive
ไม่เป็นอย่างที่คิดแน่ ความเดือดร้อนมาเยือน,Life Convenience,negative
สะดวกขึ้นก็จริง แต่เสียงรบกวน,Life Convenience,positive
ก็ดีนะ แต่ทำยังงัยให้เสียงลดลง ช่วยพัฒนาให้เครื่องบินเสียง้งียบๆ,Life Convenience,positive
มีข้อดีและข้อเสีย เราไม่ได้เดินทางด้วยเครื่องบินบ่อยๆ จึงไม่ค่อยได้ประโยชน์ซักเท่าไหร่ ค่อนข้างรำคาญกับเสียงที่ตามมา,Life Convenience,neutral
อบายมุขมากขึ้น ตรงข้ามกับที่พูดเลย ของแพงเพิ่มขึ้น รถไม่ติดทำให้รถติด logistic มาอยู่มาก ความปลอดภัยน้อยลง,Life Convenience,negative
ดี แต่ต้องควบคุมให้ระดับให้เป็นที่ยอมรับกันทั่วโลก และควรมีข้อกำหนดในการปรับปรุงเสียงเครื่องบินให้ลดลง,Life Convenience,positive
มันก็ดีกับคนที่ใช้ แต่รบกวนคนที่ได้รับผลกระทบ หนวกหู,Life Convenience,neutral
โอเค,Life Convenience,positive
อยู่แบบนี้แล้ว ไม่ใกล้ไม่ไกลเกินไป,Life Convenience,neutral
การคมนาคมขนส่งสะดวกมากขึ้น แต่ก็สร้างความลำบากทางด้านการจราจรไม่น้อย,Life Convenience,neutral
เฉพาะกลุ่มที่ได้ผลประโยชน์ โดยเฉพาะนักการเมือง เข้ามาหาผลประโยชน์ใส่ตัวเอง,Life Convenience,negative
ก็ดีนะ จะนำความเจริญมาสู่ท้องถิ่น,Life Convenience,positive
ก็ไม่ได้สะดวกสบาย เพราะไม่ได้ใช้บริการ,Life Convenience,negative
มีเสียงรบกวน รถติด ที่ซื้อบ้านเดี่ยวเพราะอยากอยู่เงียบๆ,Life Convenience,negative
สะดวกสำหรับคนใช้เครื่องบินแต่ไม่มีประโยชน์กับลูกจ้างอย่างฉันเพราะฉันไม่ได้ใช้เครื่องบินเดินทางไปทำงานนะ,Life Convenience,neutral
ไม่ดี เพราะหนวกหูมันใกล้กับสนามบิน,Life Convenience,negative
ก็ดี เดินทางสะดวกสำหรับบางคนแต่กับบางคนคงไม่ดีและการจราจรอาจติดขัด และเสียงของเครื่องบินที่รบกวนเวลาพักผ่อนอีก,Life Convenience,neutral
ดี สะดวกสบายมากขึ้น,Life Convenience,positive
มันไม่สะดวกเพราะรำคาญเป็นเสียงเครื่องบิน นอนๆก็สะดุ้ง,Life Convenience,negative
เป็นเรื่องปกติ ธรรมดาเป็นสิ่งดีไม่ได้ระคาญเรื่องเสียงใดๆ,Life Convenience,positive
ก็จริง เพราะว่าเวลาเดินทาง ไปต่างประเทศจะได้สะดวกมากขึ้น,Life Convenience,positive
เสียงดังรบกวน การจราจรติดขัด สุขภาพแย่ลง,Life Convenience,negative
ก็ดีนะดูพัฒนาขึ้นมา ถนน การสัญจรไปมา,Life Convenience,positive
สนามบินควรจะอยู่ห่างจากตัวเมือง น่าจะดีกว่านะ,Life Convenience,negative
ไม่จริง! รถติด,Life Convenience,negative
จริงด้วย แต่จะมีปัญหาเรื่องรถติดและเสียงรบกวนหรือเปล่านะ,Life Convenience,neutral
ไม่เลย จะมีเสียงเครื่องบินรบกวนอยู่ตลอดเวลา ยกเว้น มีเวลาห้ามให้เครื่องบินลงในเวลาที่กำหนดลงเท่านั้น,Life Convenience,negative
ดี คนมีงานทำเยอะ,Life Convenience,positive
ไม่เห็นด้วย,Life Convenience,negative
ไม่เลย ฉันชอบความเป็นอยู่ในอดีต ตั้งแต่มีสนามบิน บินเสียงดังมาก และทำให้การจราจรติดขัดในตอนเช้าและตอนเย็น,Life Convenience,negative
สะดวกสบาย แต่รถติดมาก,Life Convenience,neutral
ไม่จริงมั้ง เสียงดังจะตายไป,Life Convenience,negative
สะดวกสบายดี,Life Convenience,positive
ไม่ดี มันหนวกหู,Life Convenience,negative
สะดวกสบายเฉพาะเวลาใช้สนามบิน แต่สนามบินมีส่วนทำให้รถติด,Life Convenience,neutral
ไม่เอาเลย,Life Convenience,negative
ความสะดวกสบายในการใช้สนามบินซึ่งอยู่ใกล้ แต่ผลกระทบจากเสียงเครื่องบินอยู่ในชั้นรบกวนอย่างมาก,Life Convenience,positive
ทุกวันก็สบายดี ไม่เห็นลำบาก ก็เผื่อเวลาเดินทางสิ อยู่กรุงเทพยังไม่ชินเหรอ,Life Convenience,negative
ไม่ดี,Life Convenience,negative
ครับ เยี่ยมเลย,Life Convenience,positive
โอเค,Life Convenience,positive
ดี,Life Convenience,positive
ดี แต่เสียงเครื่องดังไปหน่อย,Life Convenience,positive
ไม่ดีเลย เพราะเสียงดัง,Life Convenience,negative
เห็นด้วย,Life Convenience,positive
ดีค่ะ มันเจริญขึ้น,Life Convenience,positive
ดีค่ะ,Life Convenience,positive
เฉยๆค่ะ,Life Convenience,neutral
ก็ดี เดินทางสะดวก,Life Convenience,positive
ดี เดินทางสะดวกสบาย เดินทางสบาย,Life Convenience,positive
ไม่เห็นด้วย เพราะอาจจะเพิ่มมลภาวะสิ่งแวดล้อมและกระทบต่อวิถีชีวิตแบบธรรมชาติ,Life Convenience,negative
ไม่เสมอไปหรอก สิ่งที่ตามมากับความเจริญก็มีด้านลยเยอะเหมือนกัน,Life Convenience,neutral
ไม่นะ เราไม่ชอบ ทำให้เสียงดังมาก,Life Convenience,negative
ใช่ค่ะ ถูกต้องค่ะ,Life Convenience,positive
ก็ดี เดินทางสะดวกในเวลาจำเป็น แต่เวลาใช้ชีวิตปกติมีปัญหาการจราจรมาก,Life Convenience,neutral
ข้อดี ก็มีความเจริญ และข้อเสีย เสียงรบกวน,Life Convenience,positive
โอเค สะดวกสบายดี,Life Convenience,positive
ความสะดวกสบายโอเคนะ แต่เรื่องเครื่องบินไม่ไหว ความเจริญก็เข้ามามาก,Life Convenience,neutral
ไม่นะ รำคาญเสียงเครื่องบิน,Life Convenience,negative
ก็โอเค เพราะสะดวกสบายหลายอย่าง ห้างสรรพสินค้าเยอะ รถประจำทางสะดวกดี,Life Convenience,positive
ไม่จริง 10ปีผ่านมาไม่เห็นจะมีอะไรดีขึ้นเลย รถติดมากยิ่งขึ้นอีก,Life Convenience,negative
เห็นด้วย,Life Convenience,positive
สะดวกสบายต่อการเดินทางมากขึ้น,Life Convenience,positive
มีความสะดวกสบายขึ้นก็จริง แต่ก็ทำให้การจราจรติดขัดมากขึ้นและมีเสียงรบกวนจากเครื่องบินเวลาบินขึ้น-ลง,Life Convenience,neutral
มันก็สะดวกอยู่ แต่เสียงรบกวนจากเครื่องบินทำให้รู้สึกรำคาญ บางทีที่เครื่องบินบินผ่านก็ไม่ค่อยมีสัญญาณทีวีหรืออินเตอร์เน็ต,Life Convenience,neutral
เห็นด้วย ทำให้บ้านเมืองเจริญ,Life Convenience,positive
ดี การคมนาคมดีขึ้น ที่ดินแพงขึ้น บ้านแพงขึ้น,Life Convenience,positive
ดี สะดวกคมนาคม ยอมรับรถติดได้ ถนนดีขึ้นมากๆ,Life Convenience,positive
จริง หมู่บ้านร้านค้าเยอะขึ้น,Life Convenience,positive
ความเจริญกับการจราจรเพิ่มขึ้น ระบบถนนดี 2-4เลน ห้างสรรพสินค้าก็มาด้วย รถบรรทุกเยอะมาก,Life Convenience,positive
ดี,Life Convenience,positive
เจริญอยู่ บุตรหลานค้าขายดี สะดวกสบาย แต่รถติด,Life Convenience,positive
ก็ไม่อยากขัดความเจริญ แต่การมาสนามบิน รถติดอย่างมาก รถขนของก็มาทุกเวลา ไม่เห็นควบคุมเลย,Life Convenience,negative
"มีส่วนจริง เพราะนำพาความเจริญมาให้ มีผู้อยู่อาศัยมาขึ้น แต่ก็มีผลกระทบต่อการใช้ชีวิตโดยเฉพาะเรื่องผลกระทบทางเสียง 
การจราจรที่ติดขัดมากขึ้น",Life Convenience,neutral
รถติดทุกวันเดินทางล่าช้า ควรปรับปรุงการจราจร ตำรวจไม่ทำงาน,Life Convenience,negative
ไม่ดีเลย เพราะมีเสียงรบกวนอย่างมากและทางสนามบินไม่เคยที่จะรับฟังความคิดเห็นของผู้ที่มาอาศัยเลย,Life Convenience,negative
ไม่หรอก มันมีเสียงรบกวนอย่างมาก เป็นระยะที่ขึ้น-ลง ของเครื่อง,Life Convenience,negative
ไม่ดีเลย รถติด เสียงดัง,Life Convenience,negative
ก็ดี การเดินทางดี,Life Convenience,positive
ตอนแรกยังดี แต่เสียงเริ่มรบกวนมากขึ้นตลอดชีวิต ลูกหลานในอนาคตจะยิ่งกว่านี้,Life Convenience,negative
นั่นสิ เพราะอย่างน้อยก็ต้องมีการปรับปรุงถนนให้เพียงพอกับจำนวนรถที่เพิ่มขึ้น,Life Convenience,positive
เจริญ ไม่เดือนร้อน,Life Convenience,positive
ฉันก็คิดเช่นนั้น,Life Convenience,positive
ใช่,Life Convenience,positive
ก็ดีปกติที่บ้านไม่ค่อยได้เดินทาง แต่เสียงดัง,Life Convenience,positive
ไม่จำเป็นที่จะต้องมี ไม่ได้เดือนร้อนกับชีวิต มีก็ดี ไม่มีก็ดี,Life Convenience,neutral
สะดวกสบายดี ถ้าเปิดใกล้บ้าน แต่จะทำให้รถติดได้,Life Convenience,neutral
ไม่ดี เหมือนรถจะติดทำให้เกิดมลภาวะเป็นพิษ,Life Convenience,negative
ไม่ดี,Life Convenience,negative
ดีอย่างเสียอย่าง ได้ความสะดวกสบาย แต่ก็ทำให้รถติด เกิดมลพิษ,Life Convenience,neutral
สะดวกดีในการเดินทาง รถไม่ติด,Life Convenience,positive
ดีนะ เดินทางสะดวก,Life Convenience,positive
ไม่พอใจมากค่ะ มันไม่ดีเลย,Life Convenience,negative
ทำให้สะดวกขึ้น มีผลกระทบเป็นเรื่องธรรมดา,Life Convenience,positive
ไม่ดีนะ เสียงเครื่องบินรบกวน รถติด,Life Convenience,negative
"ใช่ เช่นรถติด มลพิษทางอากาศมากขึ้น ชุมชนคนต่างด้าว พม่า เขมร เยอะขึ้นจากอุตสาหกรรมต่อเนื่อง 
ดีๆจะได้มีปัญหาอาชญากรรมมากขึ้น ชอบๆ",Life Convenience,negative
ก๊ดีนะ เดินทางสะดวกดี แต่มันค่อนข้างรบกวนเวลานอนนิดหน่อยน่ะ,Life Convenience,neutral
"ไม่ค่อยเห็นด้วย หากมีเสียงดังของเครื่องบินที่บินผ่านบริเวณที่เราอาศัยอยู่ 
แม้จะทำให้ความเป็นอยู่ดีขึ้น แต่ไม่ค่อยเห็นด้วยเท่าไหร่นัก",Life Convenience,negative
ไม่นะ ฉันไม่ชอบเสียงดัง,Life Convenience,negative
สะดวกสบายดี,Life Convenience,positive
"ใช่เลย เราชอบมากและหมู่บ้านเราไม่มีเสียงเครื่องบินรบกวน โชคดีมาก การจราจรสะดวก 
ที่สำคัญคือประหยัดเวลาและพลังงานในการเดินทาง",Life Convenience,positive
รถติดสิครับ,Life Convenience,negative
แต่ก็ทำให้การจราจรติดขัดมากขึ้นนะ สรุปแล้วมีทั้งข้อดีและข้อเสียจ๊ะ,Life Convenience,neutral
แต่สิ่งแวดล้อมแน่มากๆ เช่นเสียงดัง จราจรติดขัดมากขึ้น,Life Convenience,negative
สะดวกสบายดี ใช้เวลาเดินทางไปไม่นาน,Life Convenience,positive
ก็ดี สะดวกสบายต่อการเดินทาง,Life Convenience,positive
แต่มันจะมีผลกระทบรึเปล่า เช่นเสียงดังรบกวนนะ,Life Convenience,negative
"สำหรับคนที่ต้องใช้สนามบินในการเดินทาง ใช่ แต่สำหรับคนที่ไม่ได้ใช้สนามบินก็จะได้รับผลกระทบจากการที่มีสนามบิน 
เช่น เสียง รถติด ฯลฯ",Life Convenience,neutral
ทำให้การสัญจรของรถติดมากขึ้น,Life Convenience,negative
ก็โอเค สะดวก เพราะไปต่างประเทศบ่อยๆ,Life Convenience,positive
กีนะ,Life Convenience,neutral
สะดวกสบายดี เพราะมีสมาชิกในครอบครัวเดินทางด้วยเครื่องบินบ่อย,Life Convenience,positive
ดีครับ เดินทางสะดวกสบายมากขึ้น แต่ออาจจะแลกด้วยการจราจรที่อาจจะหนาแน่นขึ้น,Life Convenience,neutral
ก็ดี,Life Convenience,positive
รู้สึกเฉยๆ เพราะไม่ได้บินบ่อย,Life Convenience,neutral
ก็ดี แต่มีปัญหาเรื่องเสียงนิดหน่อย,Life Convenience,neutral
"แต่ผมไม่เห็นด้วย เพราะมีเสียงรบกวนจากการขึ้น-ลงของเครื่องบิน(อยู่ในแนวเส้นเสียง) 
และเครื่องบินบางลำก็ไม่ปฏิบัติตามข้อตกลงของการขึ้น-ลง",Life Convenience,negative
ไม่นะ,Life Convenience,negative
เห็นด้วย!,Life Convenience,positive
ไม่น่าจะเกี่ยวนะ แบบเดิมก็ดีอยู่แล้ว,Life Convenience,negative
ไม่น่าจะดีนะ เพราะมันขาดรถประจำทาง เดินทางลำบาก ถ้ามีสนามบินใกล้ๆก็ไม่ได้สบายขึ้น,Life Convenience,negative
ก็ดีนะ แต่ก็อยากให้มีระบบป้องกันความปลอดภัยที่ดีขึ้น,Life Convenience,positive
ดี เดินทางสะดวก,Life Convenience,positive
ดี เดินทางสะดวก,Life Convenience,positive
ก็ดีนะครับ แต่อย่าขึ้นลงทางบ้านผมเลยครับ,Life Convenience,negative
สะดวกสบายก็จริง แต่ต้องคำนึงถึงสภาพแวดล้อมและเสียงรบกวนด้วยนะ,Life Convenience,positive
50/50 สะดวกบ้าง เดินทางดี,Life Convenience,neutral
รถติดมากขึ้นต่างหาก เสียงเครื่องบินอีกด้วย,Life Convenience,negative
ก็ดีนะ ถ้าเสียงไม่รบกวน,Life Convenience,positive
เลือกอยู่ที่นี่ เพราะเดินทางสะดวกใกล้ที่ทำงาน แหล่งชอปปิ้ง,Life Convenience,positive
เห็นด้วย แต่รัฐบาลหรือหน่วยงานรัฐบาลที่เกี่ยวข้องต้องเข้ามาดูแลแก้ไขระบบสาธารณูปโภคให้พอเพียงกับการเจริญเติบโต,Life Convenience,positive
ใช่,Life Convenience,positive
แต่มันคงจะมีเสียงดังจากเครื่องบินมารบกวนมากเลยนะ,Life Convenience,positive
ขนส่งสาธารณะไม่สะดวก เข้าออกสนามบินยาก ต้องใช้TAXI เท่านั้น,Life Convenience,negative
ถูกต้อง เห็นด้วยแต่ถ้าไม่มีเสียงรบกวนจนเกินไป จนทำให้มีผลกระทบต่อการดำรงชีวิต,Life Convenience,positive
ใจคอไม่ดี ปัญหาจะตามมา เพราะคนย้ายมาอยู่,Life Convenience,negative
ไม่ชอบฟังเสียงเครื่องบิน การจราจรติดขัด,Life Convenience,negative
เห็นด้วย ความเจริญก็จะได้เช้ามาด้วย แต่เสียอย่างที่ทำให้รถติด,Life Convenience,neutral
ก็ดีนะ แถวบ้านเราจะได้พัฒนาขึ้น,Life Convenience,positive
เห็นด้วยค่ะ เดินทางสะดวก มีการพัฒนาด้านการเดินทาง เช่น Airport Link,Life Convenience,positive
สะดวกสบายก็จริง แต่การจราจรจะคับคั่งมากขึ้น มลภาวะก็จะตามมา มันจะไม่เงียบสงบเหมือนเมื่อก่อน มันก็ได้อย่างเสียอย่างน่ะ,Life Convenience,neutral
ก็โอเค สร้างอาชีพ มีสาธารณูปโภค เศรษฐกิจดี,Life Convenience,positive
ถูกต้องดิ เพราะการเดินทางของเราก็ไดรับความสะดวกสบายมากขึ้น,Life Convenience,positive
มีสนามบินก็ดี แต่จะทำให้รถติดมาก เช้าๆถ้า06.30น. ไม่ออกจากบ้านรถจะติดมาก,Life Convenience,negative
ไม่แน่เสมอไป เพราะมีได้ก็ต้องมีเสีย เพราะได้สนามบินมาก็เสียอะไรหลายๆอย่าง,Life Convenience,neutral
ดีขึ้น แต่รถติดมาก,Life Convenience,neutral
"มีความเจริญขึ้นจริง แต่ก็ทำให้รถยนต์มากขึ้น รถติดมากขึ้น โดยเฉพาะเช้าวันจันทร์-ศุกร์, 
บางครั้งก็มีเสียงดังของเครื่องบินทำให้รบกวน และคนมากขึ้น ความวุ่นวายมากขึ้น",Life Convenience,neutral
ใช่ มีความเจริญขึ้น,Life Convenience,positive
ไม่สะดวกสบาย เพราะไม่ใช้สนามบิน,Life Convenience,negative
"ไม่จริงเลยครับ ผมทำงานสนามบินมา30กว่าปี ที่บ้านอยู่ใกล้สนามบินมาตลอดจนย้ายสนามบินมา ก็ย้ายบ้านตามมา 
เห็นว่าบริเวณรอบๆใกล้ๆเคียงกับสนามบินไม่เหมาะเป้ฯที่อยู่อาศัย เหมาะสมกับการทำธุรกิจมากกว่าครับ",Life Convenience,negative
ยังไงก็ได้,Life Convenience,neutral
มันก็ดีนะ แต่รถก็จะติดมากขึ้นด้วย,Life Convenience,neutral
ไม่โอเค เพราะใกล้ไปค่อนข้างเสียงดัง,Life Convenience,negative
ไม่สะดวกสบาย เพราะมันหนวกหูมากกว่า โดยเฉพาะหน้าหนาวและไม่เคยเดินทางด้วยเครื่องบิน,Life Convenience,negative
ปกติ แต่รถติดมาก ต่างจากการไม่มีสนามบิน,Life Convenience,negative
ก็ดีเหมือนกันนะ จะได้ไม่ต้องเดินทางไกล แต่บางครั้งก็มีเสียงรบกวนเหมือนกันนะและรถก็ติดมากๆด้วยทั้งตอนเช้าและตอนเย็น,Life Convenience,neutral
"มีสนามบินมันก็ดี สะดวกในการเดินทาง แต่ปัญหาเสียงดังรบกวนของเครื่องบินนี้สิ จะทำไงละ ในรบกวนมากๆ 
วันหยุดก็ไม่ได้พักผ่อนอย่างจริงจัง ทั้งกาย-ใจ",Life Convenience,positive
สะดวกสบาย เมื่อมีสนามบิน รถไม่ติดเพราะไม่ใช้เส้นทางที่รถติด,Life Convenience,positive
ก็ดี เวลาไปต่างประเทศ เวลาลูกกลับจากเมืองนอกก็กลับมาง่าย แต่ถ้าไม่ได้ไปก็รู้สึกรำคาญ,Life Convenience,negative
ไม่ดี รำคาญเสียง,Life Convenience,negative
ดีเลย เพราะฉันสามารถเดินทางไปสนามบินได้เร็วและสะดวกขึ้น,Life Convenience,positive
รถติดด้วย,Life Convenience,negative
ไม่น่าเกี่ยวกัน ความสะดวกสบายก็ไม่ได้ดีขึ้นอะไร,Life Convenience,negative
สะดวกสบายโอเคเลย! เพราะส่วนตัวเดินทางบ่าย,Life Convenience,positive
อืม ก็ดีนะ จะได้เดินทางได้สะดวก ประหยัดเวลา,Life Convenience,positive
ก็ไม่ดี แค่รถติดวุ่นวาย,Life Convenience,negative
ก็เฉยๆ ไม่ได้ทำงานสนามบิน ไม่ได้ใช้สนามบินบ่อยๆ,Life Convenience,neutral
ก็ดีนะ แต่ก็เสียงดัง รถติดด้วย เพราะรถมาวิ่งเส้นทางนี้มากขึ้น จนทำให้เวลาเช้าและเย็นไม่อยากไปไหน,Life Convenience,negative
ใช่ๆ ทำให้เรามีความสุขมากขึ้น สะดวกสบายมากขึ้น,Life Convenience,positive
"ฉันไม่ใช่คนที่ชอบเดินทางโดยเครื่องบิน ดังนั้นสนามบินมาอยู่ใกล้ๆก็ไม่ได้มีผลดีอย่างไร 
แต่ที่กระทบแน่ๆ คือการจราจรที่คับคั่งขึ้น",Life Convenience,negative
ดี แต่ต้องไม่มีมลภาวะรบกวน,Life Convenience,positive
ดีค่ะ บางครั้งที่มีการเดินทางก็สะดวกสบายมากขึ้นด้วยค่ะ,Life Convenience,positive
โอเค,Life Convenience,neutral
ถ้าใกล้ไปก็ไม่ดีนะ ใกล้ไปก็เป็นปัญหามากกว่าความสะดวกสบาย,Life Convenience,negative
ก็โอเคนะ แต่ต้องเลือกบริเวณที่ไม่มีเสียงกระทบเรา,Life Convenience,positive
ไม่แน่เสมอไป ไม่ค่อยได้ใช้สนามบิน,Life Convenience,neutral
สะดวกดีแต่การจราจรติดขัด,Life Convenience,neutral
ดี แต่มีไม่ทุกบริษัทนครฯ ไม่มีต้องไปใช้บริการที่สนามบินดอนเมือง,Life Convenience,positive
ก็จริงอยู่นะ หากมันจะไม่ก่อให้เกิดมลภาวะทางเสียง-ฝุ่นละออง ที่มีผลต่อสุขภาพกาย-จิตใจ,Life Convenience,positive
ไม่ค่อยดีเท่าไหร่ การจราจรติดขัด แต่การขนส่งจะดี,Life Convenience,neutral
OK ยินดีด้วยที่มีความเจริญเข้ามา แต่การคมนาคมติดขัด,Life Convenience,neutral
สะดวกต่อการเดินทาง,Life Convenience,positive
ดี ถ้าภาครัฐมีมาดูแลมลภาวะต่างๆที่เกิดจากสนามบิน,Life Convenience,positive
ใช่ค่ะ จะได้มีการพัฒนา มีอาชีพ ทีการลงทุน การจ้างงาน,Life Convenience,positive
สะดวกสบายกลางๆ,Life Convenience,neutral
สะดวกสบายในด้านการจราจร แต่จะได้รับผลกระทบจากมลพิษทางเสียง,Life Convenience,positive
ผมหนีความวุ่นวายตอนทีนี้ 10กว่าปีแล้ว ไม่คิดว่าความเจริญจะเข้ามาเร็ว ไม่นานผมคงย้ายหนีอีกครับ,Life Convenience,negative
"มีทั้งดีและไม่ดี  ดี เพราะเดินทางอากาศสะดวกขึ้นแต่เรานานๆจะได้ขึ้นเครื่องบินแล้วก็ดูเจริญขึ้น แต่คนก็เยอะขึ้นมาก 
รถก็เยอะมากติดมากๆดูวุ่นวายขึ้น แต่ก็คงปรับตัวเองนะ เพราะสนามบินใหญ่ขนาดนั้น 
เขาคงไม่มาฟังความคิดของชาวบ้านอย่างเราหรอก",Life Convenience,neutral
ดีนะ แต่เสียงดังไปหน่อย,Life Convenience,positive
เสียงเครื่องบินจะรบกวนหน่อยนะและรถก็จะติดมากด้วย การเดินทางไม่ค่อยสะดวก,Life Convenience,negative
ก็ดี แต่เสียงดังหนวกหู,Life Convenience,positive
ก็ดี ไม่ค่อยมีผลกับชีวิตเท่าไหร่,Life Convenience,positive
ดี,Life Convenience,positive
ถึงเราจะอยู่ใกล้สนามบินแต่เราก็ไม่ได้ไปต่างประเทศบ่อยๆ และทำให้การจราจรแถวนี้ติดมากๆ,Life Convenience,negative
ถึงจะดีก็จริง แต่ชั้นว่าอีกหน่อยเสียงคงดังกว่านี้แน่ ขนาดแค่นี้บางครั้งยังคุยกันไม่ได้ยินเลย,Life Convenience,positive
แต่เราไม่ชอบเลยเสียงดังรบกวนมาก,Life Convenience,negative
สะดวกสบายต่อการเดินทาง,Life Convenience,positive
"มันอาจจะไม่เป็นอย่างนั้นเสมอไป ถ้าคุณได้เห็นจากสนามบินดอนเมืองที่นอกจากเสียงดังแล้ว 
ผมก็ไม่ได้เห็น empoiom siamdis ไปตั้งอยู่ตรงนั้นซึ่งผมคิดว่ามันไม่จริง",Life Convenience,negative
"ถ้าพูดถึงความเจริญอาจจะเจริญขึ้น แต่ก็มีปัญหาอื่นตามมา เช่น ปัญหาด้านมลภาวะ ปัญหาเรื่องการจราจร 
ปัญหาเรื่องมลภาวะเสียง (ซึงเป็นปัญหาใหญ่กระทบกับชุมชนใกล้เคียง)",Life Convenience,neutral
ไม่เห็นด้วยเพราะเสียงดัง ทำให้รถติดมากขึ้นไม่มีระบบขนส่งสาธารณะ,Life Convenience,negative
ไม่ ทำให้รถติด และมีเสียงดังจากเครื่อง มีรถบรรทุกวิ่งมากเกินไปอันตรายเวลาขี่รถจักรยานยนต์,Life Convenience,negative
ไม่มีเลย มีเสียงรบกวนตลอดเวลา,Life Convenience,negative
สบาย แต่เสียงรบกวน,Life Convenience,positive
ไม่ขึ้นเครื่องบิน รถติดหนักขึ้น,Life Convenience,negative
ก็ดีไปอย่าง,Life Convenience,positive
ก็ดีแต่เสียงดัง,Life Convenience,positive
ก็ดี,Life Convenience,positive
ก็ดีแล้ว,Life Convenience,positive
ก็ดีอยู่ ถ้าไม่มีเสียงรบกวน,Life Convenience,positive
ไม่พอใจเท่าที่ควร เพราะหนวกหู,Life Convenience,negative
ก็ดี ค้าขายดีขึ้น,Life Convenience,positive
ก็ดีนะ,Life Convenience,positive
ไม่มีผลอะไร เราไม่ได้เดินทางโดยเครื่องบินนะ,Life Convenience,neutral
ก็โอเคนะ ทำให้รอบๆเจริญมากขึ้น,Life Convenience,positive
มันก็จริงนะ แต่เสียงเครื่องบินดังเกินไปหรือเปล่า,Life Convenience,positive
เรื่องเทคโนโลยีดีขึ้นแต่คนมากขึ้นและธรรมชาติลดลงคนแปลกหน้าเยอะ,Life Convenience,neutral
ก็ธรรมดา เฉยๆ,Life Convenience,neutral
ก็ดีขึ้น,Life Convenience,positive
เฉยๆ นะ,Life Convenience,neutral
มันก็สะดวกดี แต่เสียงดัง,Life Convenience,positive
ก็สบายดีนะ,Life Convenience,positive
ข้อดีก็มี สาธารณูปโภคดีขึ้น ไม่ดีเสียงรบกวน,Life Convenience,positive
ไม่เห็นด้วย รบกวน เสียงดัง,Life Convenience,negative
มันก็ดีนะ,Life Convenience,positive
มันก็สะดวกสบายนะ,Life Convenience,positive
ไม่ดีละมั้ง,Life Convenience,negative
การคมนาคาดีขึ้น เริ่มมีร้านค้าเกิดขึ้นมาก ร้านอาหารมีมากขึ้น,Life Convenience,positive
ไม่ดี มลพิษเยอะ เราไม่ได้เดินทางโดยเครื่องบิน,Life Convenience,negative
ก็ดี ทำให้เศรษฐกิจดีขึ้นเจริญ,Life Convenience,positive
ไม่สบายแน่ เพราะปวดหู,Life Convenience,negative
ก็ดีนะ,Life Convenience,positive
ก็ดีนะจะได้มีการพัฒนา,Life Convenience,positive
"ผมก็เห็นด้วยแต่ต้องมีการบริหารจัดการที่เป็นระบบอย่างถูกต้อง
1.เสียงไม่ดัง 2.จารจราจรสะดวก 3.ไม่มีมลพิษต่างเช่นเสียง กลิ่นต่างๆ",Life Convenience,positive
ไม่ได้สะดวกกับตัวเองไม่เกี่ยวข้อง,Life Convenience,negative
ไม่เกี่ยวกับเรา,Life Convenience,neutral
สะดวกสบายแต่มีภาระเพิ่ม เช่นเสาอากาษ,Life Convenience,neutral
ดี แต่มีเสียงรบกวน,Life Convenience,positive
ก็ปกติ ไม่ค่อยไปไหนอยู่แล้ว,Life Convenience,neutral
เห็นด้วย,Life Convenience,positive
พอสมควร,Life Convenience,neutral
ไม่รู้สึก เราไม่สะดวก,Life Convenience,negative
ธรรมดา ไม่เกี่ยวกับเรา,Life Convenience,neutral
ก็ดี,Life Convenience,positive
สะดวกสำหรับคนมีเงิน,Life Convenience,negative
ไม่เสมอไป ผลกระทบเยอะ,Life Convenience,negative
สะดวกสบายก็ดี,Life Convenience,positive
ก็ดี,Life Convenience,positive
สะดวกดี,Life Convenience,positive
ก็ดีนะ แต่จะมีผลกระทบกับการใช้ชีวิตประจำวันหรือเปล่า มันอาจจะเสียงดังจนทำให้คนอื่นเสียประสาทก็ได้,Life Convenience,neutral
คงไม่สบายนักหรอกเพราะคงมีเสียงรบกวนบ้าง,Life Convenience,negative
มี่ต้องถามแล้วเพราะมันทำไปแล้ว แต่ก็มีค่าทดแทนอยู่,Life Convenience,negative
สะดวกจริงแต่เสียงจะรบกวน,Life Convenience,positive
ใช่เลย เพราะจะทำให้การเดินทางของเราสะดวกรวดเร็ว,Life Convenience,positive
เปิดค้าขายสินค้าต่างๆ ให้กับคนต่างชาติที่มาเที่ยวทำมห้บ้านเมืองเป็นที่ท่องเที่ยวเราจะได้มีรายได้เพิ่มขึ้น,Life Convenience,positive
ความเจริญมีจริงแต่ไม่ควรตรงกับรันเวย์หรือใกล้เคียงเกินไปทำให้มีเสียงดังรบกวนมาก,Life Convenience,positive
ไม่เกี่ยวกับเรา,Life Convenience,neutral
ใช่ แต่ก็ต้องมีมลพิษทางเสียงตามมาด้วย,Life Convenience,positive
ไม่ดี คือ มีเสียงรบกวนเป็นบางครั้ง,Life Convenience,negative
ไม่ใช่ ไม่สะดวก เสียงดัง,Life Convenience,negative
ไม่เลยค่ะ,Life Convenience,negative
เห็นด้วยเนื่องจากสามารถเดินทางได้หลายช่องทาง ถึงแม้จะมีเสียงดังบ้าง,Life Convenience,positive
"ไม่จริง ความเป็นอยู่ของเราไม่ได้ขึ้นอยู่กับสนามบิน เพราะในปีนึงเรานั่งเครื่องบินไม่กี่ครั้งเอง
แต่เราต้องทนรับฟังเสียงจากเครื่องบินทุกวัน ทุกเวลา",Life Convenience,negative
เห็นด้วย,Life Convenience,positive
ไม่เสมอไปหรอก ความเจริญมามากเกินไปมาพร้อมความวุ่นวายและมิจฉาชีพด้วยเช่นกัน,Life Convenience,negative
ไม่ค่อยใช้บริการ เฉยๆ,Life Convenience,neutral
ไม่จริง เฉยๆ ไม่เกี่ยวกับเรา,Life Convenience,neutral
มันสะดวกก็จริง แต่เราไม่ได้ใช้งาน,Life Convenience,positive
มันก็ดีนะ แต่บางทีก็อาจจะไม่ดีกับผู้คนที่อยู่ไกลๆ มากนักเพราะทั้งเสียงทั้งควัน,Life Convenience,neutral
ไม่จริงอะ ไม่จริงแน่นอน เพราะสนามบินเสียงดังมาก ยังมรฝนมากเสียงจะดังไปอีก,Life Convenience,negative
จะสบายก็สบาย แต่มีเสียงรบกวน,Life Convenience,positive
ก็ดี ไปไหนมาไหนก็ง่ายขึ้น,Life Convenience,positive
มันก็ดีอย่างว่าอ่ะแหละ แต่ก่อนไปต่างจังหวัดใช้เวลานานแต่เดี๋ยวนี้ไปไหนขึ้นเครื่องไป ไม่กี่ชั่วโมงก็ถึง,Life Convenience,positive
ไม่ดีเพราะว่าบินดอนเมือง 555 มีสุวรรณภูมิขึ้นมาไม่มีผลต่อชีวิตเท่าไหร่,Life Convenience,negative
มันก็ดีนะ,Life Convenience,positive
มันสะดวกสบายนะแต่ก็มีผลกระทบเรื่องเสียงรบกวนการใช้ชีวิตของเรามันขึ้นอยู่มี่การขึ้น ลงของเครื่องบิน,Life Convenience,positive
มันก็ดีแต่ดีกับคนอื่น ไม่ได้เกี่ยวกับเรา,Life Convenience,neutral
ใช่เลยตอนนี้หมู่บ้านร้านค้าขึ้นเยอะมากยิ่งในสนามบินนี่ของใช้สอยเยอะมาก ห้างสรรพสินค้าก็ขึ้นเยอะ,Life Convenience,positive
ก็ดี สะดวกดีเนอะ,Life Convenience,positive
ก็ดีนะสะดวกดี ถนนหนทางก็เข้าถึงจะไปไหนก็สะดวก,Life Convenience,positive
มันไม่สะดวกหรอกเพราะไม่เคยได้ใช้บริการสนามบินซะที,Life Convenience,negative
"ใช่อยู่แต่ก็ตามมาด้วยผลกระทบทางสภาพแวดล้อมด้วยนะอย่าลืม 
ทางผู้เกี่ยวข้องก็ควรให้ความสำคัญกับประชาชนทีได้รับผลกระทบที่ตามมาด้วย",Life Convenience,positive
แต่เราว่าไม่ค่อยดีนะ จะทำให้เกิดเสียงดังและจราจรจะติดขัด,Life Convenience,negative
"ก็ดีนะ ก็เจริญเมื่อก่อนอะไรก็ไม่สะดวกมากมายเท่านี้เพราะผลกระทบมันก็ไม่ได้ไปทุกหมู่บ้านคนก็พอใจที่มีการชดเชย 
มีหน้ามีตาให้กับประเทศ",Life Convenience,positive
"ก็ดีตามที่พูดแหละ แต่ความเป็นอยู่ในชีวิตประจำวันมันก็แย่ลง วุ่นวายมากขึ้น 
สิ่งแวดล้อมก็เสียไปถ้าต้องเจอกับการมีสนามบินขึ้นมาอยู่ได้อยู่ไม่ได้ก็ย้าย",Life Convenience,negative
ก็ถือว่าสะดวกสบายนะแต่พอเสียเรื่องอื่นก็ตามมาสิ่งแวดล้อมก็แย่ลง,Life Convenience,positive
เฉยๆ,Life Convenience,neutral
เออก็ใช่ แต่เราไม่ได้ใช้เครื่องบินแล้วเดี๋ยวนี้ไม่ได้ใช้แล้ว,Life Convenience,neutral
ก็ว่างั้นแหละ จะได้สะดวกต่อการเดินทางไปที่ไกลๆ แต่ก็มีเสียงรบกวนอยู่บ้าง,Life Convenience,positive
ก็โอเค อาชีพเกิดแต่รถติดมากขึ้น,Life Convenience,neutral
สะดวกสบายกับผู้ใช้บริการ แต่ชาวบ้านที่อยู่อาศัยแถวนี้เขาเดือดร้อนนะ ทั้งเสียงดัง และมีผลต่อสภาวะทางอากาศอีก,Life Convenience,negative
ก็ดี แต่รบกวนชีวิตประจำวันมากไปหน่อย,Life Convenience,neutral
"ไม่ดีเพราะถ้าความเจริญเข้ามาก็จะทำให้มีผู้คนเข้ามาอาศัยอยู่มากขึ้นปัญหาที่ตามมาคือ รถติด ขยะอุดตัน น้ำท่วม 
ปัญหาอาชญากรรม ยาเสพติด",Life Convenience,negative
ก็ดีนะมีสนามบินใกล้บ้านรู้สึกเดินทางไปไหนมาไหนสะดวกสบาย,Life Convenience,positive
ไม่ดีเลยรถเยอะมากกว่าเดิม แต่ถนนมีท่าเดิมรถติดมากเวลาเร่งด่วน,Life Convenience,negative
"ก็สบายดีสงบนิดหน่อยแต่การเดินทางไปทำงานยังไม่สะดวกเท่าที่ควรเพราะต้องขึ้นรถหลายต่อ
และรถประจำทางที่จะไปที่สนามบินหายากมากเลย",Life Convenience,neutral
ดีแต่เสียงมันดังมากๆ ทั้งวันเลยนอนไม่ค่อยหลับตื่นทั้งคืนเลย,Life Convenience,positive
"ใช่ แต่ก็จะได้รับเสียงรบกวนจากเครื่องบินด้วย และการจราจรจะติดขึ้นเพิ่มขึ้นควันพิษเพิ่มขึ้น 
ไม่มีความสะดวกสบายอะไรที่จะมีผลกระทบต่อสิ่งแวดล้อมและการใช้ชีวิตของมนุษย์ได้",Life Convenience,negative
ไม่จริง รถติด เสียงเครื่องบินทำให้รบกวน เสียงดัง ทำให้ระบบทีวีดิจิตอลมีปัญหา เวลาเครื่องบินขึ้นทำให้สัญญานติดขัด,Life Convenience,negative
ไม่ดี มีมลพิษเพิ่ม,Life Convenience,negative
ดีสำหรับคนที่เดินทางแต่ไม่ดีต่อคนอยู่อาศัย,Life Convenience,negative
ก็ดีนะ สะดวกสบายยิ่งขึ้น,Life Convenience,positive
ย้ายมาแล้ว ก็ดี,Life Convenience,positive
ก็ดีเหมือนกัน,Life Convenience,positive
ดี แต่มีมลภาวะ,Life Convenience,positive
ไม่ดีหรอก มีผลกระทบทางเสียง,Life Convenience,negative
ก็เห็นด้วยเช่นกัน,Life Convenience,positive
ก็ดีนะทั้งในเรื่องความสะดวกและความเจริญในอนาคต,Life Convenience,positive
ก็ดีในเรื่องของการเดินทางไป-มา สะดวก,Life Convenience,positive
ใช่แล้ว สะดวกดีแต่กังวลเรื่องมลภาวะทางเสียง,Life Convenience,positive
ไม่น่าจะใช่ เพราะอาจจะเกิดการจราจรที่แน่น ทำให้รถติดต้องตื่นเช้ากว่าปกติ และมีเสียงรบกวนจากเครื่องบิน,Life Convenience,negative
ใช่ค่ะ แต่เสียงดังนี่ซิทำให้เรารำคาญ เป็นบางวันที่เราต้องใช้สมาธิหรือใช้สมอง,Life Convenience,positive
เจริญก็ดีแต่เสียงดัง,Life Convenience,positive
ก็ดี คนอยู่เยอะขึ้นการประกอบธุรกิจดีขึ้น,Life Convenience,positive
ครับ ผลก็คิดอย่างนั้นแหละ,Life Convenience,positive
ก้เจริญดีแต่มีเสียงรบกวน,Life Convenience,positive
ก็โอเคในความเจริญนะ,Life Convenience,positive
ไม่เห็นมีอะไรดีขึ้นมาเลย รถติด!!!,Life Convenience,negative
ก็ดี,Life Convenience,positive
"มันก็จริงนะแต่เสียงมันดังรบกวนเวลานอน ลูกๆเด็กแรกเกิดก็นอนไม่ได้ 
แต่ทำไงได้เราไม่มีปัญญาไปดำเนินการร้องเรียนหรอก ""ทำใจ""",Life Convenience,positive
ดี สะดวกดี,Life Convenience,positive
มันก็จริงที่สะดวก ไม่ดีอยู่อย่างนึงเสียงดังไปหน่อย,Life Convenience,positive
ก็ดีเหมือนกันในเรื่องของการเดินทางที่สะดวกมากขึ้นแต่เสียงจากเครื่องบินนั้นรบกวนการใช้ชีวิตประจำวัน,Life Convenience,positive
ไม่ดีเลย เสียงดังแต่ต้องได้ค่าชดเชย,Life Convenience,negative
ไม่ดี เพราะเสียงดัง,Life Convenience,negative
สะดวกสบายก็จริงแต่ผลกระทบที่ตามมา.....,Life Convenience,neutral
แล้วคนที่เคยอยู่แถวนั้นล่ะ เค้าเคยอยู่แบบเงียบๆ มาตั้งนานเค้าจะไม่ลำคาญหรอ,Life Convenience,negative
ไม่ดีเลย รถติดวุ่นวาย,Life Convenience,negative
ตอนนี้โอเค ไม่รบกวนเท่าไหร่ แต่ถ้าอยู่ใกล้สนามบินกว่านี้อาจจะเสียงดังเกินไป,Life Convenience,neutral
เฉยๆ ไม่ได้มีอะไรดีขึ้น,Life Convenience,neutral
ก็ดีสำหรับคนที่ทำธุรกิจ หรือต้องใช้การเดินทางท่าอากาศยาน,Life Convenience,positive
เห็นด้วย,Life Convenience,positive
ก็ดี,Life Convenience,positive
ก็โอเค อยู่ใกล้บ้านเพราะชอบแบบนี้,Life Convenience,positive
ใช่ ก็ดีนะ,Life Convenience,positive
ความเจริญยิ่งมากขึ้น จะทำให้เกิดมลภาวะทางเสียง ทัง้ทางอากาศ,Life Convenience,positive
สะดวกขึ้นก็จริงแต่มลภาวะทางเสียงก็ตามมา,Life Convenience,positive
ยังสรุปไม่ได้ ต้องรอดูระบบการบริหารจัดการก่อนว่าจะตอบโจทย์ในภาพรวมได้หรือไม่,Life Convenience,neutral
"อาจจะสะดวกและดีสำหรับผู้ที่เดินทางบิ่ยด้วยเครื่องบิน แต่ประชาชนรอบข้างที่พักอาศัยล้วนแล้วแต่ได้รับผลกระทบทางเสียง 
ไร้ซึ่งหน่วยงนที่เกี่ยวข้องเข้ามาดูแล",Life Convenience,negative
มันไม่มีผลเท่าไหร่,Life Convenience,neutral
การเดินทางสะดวกสบายก็ดีจริงแต่เสียงที่รบกวนละจะทำยังไง,Life Convenience,positive
"ดี แต่การเดินทางการจราจรจะติดขัดขึ้นหรือเปล่า น่าจะมีรถไฟฟ้าจากทุกทิศทางซึ่งสามารถอำนวยความสะดวก 
รวมถึงการควบคุมเสียงซึ่งอาจส่งผงต่อผู้อยู่อาศัยโดยรอบอย่างรัดกุม",Life Convenience,neutral
การคมนาคม ทันสมัยรวดเร็วแต่มีเสียง เครื่องบินขึ้นลงมากทั้งวัน,Life Convenience,positive
ดีเลย อยู่บริเวณนี้เสียงก็ไม่ดังทำให้ความเป็นอยู่สะดวกสบาย แต่ถ้าเสียงดังตลอดเวลาก็ไม่ดี,Life Convenience,positive
ทำให้ความเป็นอยู่สบายขึ้น รถบรรทุกที่เอาเอาตู้แถวนีร้ทำให้รถติดมากขึ้น มันไม่สะดวกสบายเลย,Life Convenience,negative
ก็โอเค,Life Convenience,positive
ไม่จริงไม่สะดวกสบาย เสียงดัง,Life Convenience,negative
ไม่จริงบางเรื่องก็ดีบางเรื่องก็ไม่ดีความสะดวกสบายไม่จริงเพราะเราไม่ใช้สยานมบินเลย มีสนามบินก็ดีอย่งาในการป้องกันน้ำท่วม,Life Convenience,negative
เห็นด้วย สะดวกสบาย,Life Convenience,positive
หากทำให้สภาพแวดล้อมแถวนี้เจริญขึ้นก็จะดี,Life Convenience,positive
ก็ดีไง ใกล้ความเจริญเดินทางสะดวก,Life Convenience,positive
ก็สะดวกขึ้น แต่ช่วงเวลาเร่งรีบด่งนรถอาจติด,Life Convenience,neutral
ไม่ดีเลย รถติดมากเลยจราจรติดขัด,Life Convenience,negative
ผมก็ไม่อะไรหรอกไม่รู้จะไปไหน,Life Convenience,neutral
ไม่ดีนะ,Life Convenience,negative
มันไม่เกี่ยวเลยทุกอย่างก็ดูปกติ,Life Convenience,neutral
ก็ดีนะคนเยอะดี แต่รถอาจติดนะ,Life Convenience,neutral
ก็คงจะดีนะ การเดินทางน่าจะดีขึ้น,Life Convenience,positive
ก็ไม่ได้สะดวกสบายขึ้นก็เหมือนเดิม รถก็ติดเหมือนเดิมอยากให้มีรถไฟฟ้า,Life Convenience,negative
ไม่น่าจะมีผลนะ,Life Convenience,neutral
ไม่สะดวกสบายเลย ไม่ได้ไปต่างประเทศ,Life Convenience,negative
ได้อย่างเสียอย่าง สะดวกเสียงดังขึ้น ถ้าเลือกได้ก็มีดีกว่า,Life Convenience,positive
มันก็ดีนะ แต่เสียงมันดัง,Life Convenience,positive
"ไม่ดีหรอกนะ เรากลัวทางสนามบินไล่ที่อยู่ เพราะถ้าทางนั้นไล่ เนื่องจากการประเมินผลกระทบแล้วเราจะไปอยู่ที่ไหน 
ใครสะดวกแต่เราลำบาก",Life Convenience,negative
ใช่จะได้ไม่ต้องขับรถไกล แต่เสียงเครื่องบินทำให้รำคาญบ่อยครั้ง,Life Convenience,positive
ถ้าไม่มีดีกว่า เค้าจะไล่ที่อีก,Life Convenience,negative
ดูเจริญขึ้นแต่ก็ไม่ได้ทำให้คุณภาพชีวิตดีขึ้น,Life Convenience,neutral
ก็ดี,Life Convenience,positive
ก็ดี อยากขึ้นเครื่องบิน,Life Convenience,positive
ก็ดี ยินดีกับประเทศทำให้ประเทศเจริญ ง่ายต่อการสื่อสารว่าตัวเราเองอยู่ไหน(บอกเพื่อนว่าอยู่ที่สุวรรณภูมิ)+เดินทางสะดวก,Life Convenience,positive
ดี แข่งขันกับนานาประเทศได้,Life Convenience,positive
ไม่สบายหรอกเพราะมีเสียงเครื่องบินรบกวน,Life Convenience,negative
มันมีทั้งข้อดีและข้อเสีย สะดวกสบายแต่สิ่งแวดล้อมมันเริ่มแย่ลง,Life Convenience,neutral
เห็นด้วย,Life Convenience,positive
"ไม่ดีเป็นอย่างมาก เพราะทุกครั้งที่ได้ยินสียงเครื่องบินขึ้นมีเสียงดังขนาดยืนสนทนากันหรือคุยโทรศัพท์ยังต้องหยุด 
เพราะไม่ได้ยินเสียง",Life Convenience,negative
ดี แต่อาจมีเสียงรบกวน,Life Convenience,positive
มีทั้งข้อดีและไม่ดี,Life Convenience,neutral
เห็นด้วย จะทำให้มีความเจริญมากขึ้น,Life Convenience,positive
สะดวกสบายดี สำหรับการเดินทางที่ใกล้นิดเดียว,Life Convenience,positive
มีทั้งข้อดีและข้อไม่ดี,Life Convenience,neutral
เห็นด้วย เพราะเดินทางใช้บริการสนามบินสะดวก,Life Convenience,positive
ไม่มีผลต่อชุมชนโดยชอบแถวนี้ ยังคงเดิมความเป็นอยู่เหมือยเดิมไม่มีอะไรเปลี่ยนแปลง,Life Convenience,neutral
ไม่ดีเลย,Life Convenience,negative
ไม่ดี ปกติก็ไม่ค่อยได้ใช้เครื่องบิน,Life Convenience,negative
ไม่ดี มีเสียงดังรบกวน,Life Convenience,negative
ก็ดี,Life Convenience,positive
ใช่ แต่เสียงเครื่องบินมันดัง และน่ารำคาญ,Life Convenience,positive
ดี แต่มีเสียงดัง,Life Convenience,positive
ไม่ดีเลย มีเสียงรบกวน,Life Convenience,negative
มี 2 แง่ ดีที่มีความเจริญ แต่มีเสียงรบกวน,Life Convenience,positive
เราว่าไม่ดีสักเท่าไหร่ เพราะเสียงดังรบกวนและน่ากลัว,Life Convenience,negative
ไม่ดีเลย,Life Convenience,negative
เห็นด้วย แต่ต้องแลกกับมลภาวะต่างๆอาจทำให้สุขภาพด้านต่างๆแย่ลง,Life Convenience,positive
ก็น่าจะดี,Life Convenience,positive
ไม่สะดวก รถติด,Life Convenience,negative
ก็สะดวกสบาย,Life Convenience,positive
สะดวกดีขึ้น กว่าก่อน,Life Convenience,positive
ไม่ดีเท่าไหร่,Life Convenience,negative
เฉยๆมันเป็นเรื่องธรรมดา,Life Convenience,neutral
ดีอย่างเสียอย่าง มีก็ได้ ไม่มีก็ได้,Life Convenience,neutral
แต่ในทางที่ดีก็มีสิ่งที่มีผลกระทบกับเราเหมือนกัน เช่น เสียงกับสิ่งแวดล้อม ถ้ามีองค์กรเข้ามาดูแลเป็นประจำก็ดี,Life Convenience,positive
แออัด ไม่เห็นด้วย,Life Convenience,negative
จะทำให้เดินทางไม่สะดวก รถติด ทำให้การจราจรติดขัดมากขึ้น มีรถเพิ่มมากขึ้น,Life Convenience,negative
ก็เห็นด้วย เดินทางสะดวก,Life Convenience,positive
สะดวกสบายดี พี่น้องมาหาโดยทางเครื่องบินเร็ว,Life Convenience,positive
เราว่าลำบาก รถติดมากขึ้นเพราะทางเป็นคอขวด,Life Convenience,negative
ไม่ดีหรอก เครื่องบินเข้ามาต้องเปลี่ยนที่ทำกิน,Life Convenience,negative
ก็ดีด้วย,Life Convenience,positive
ทำให้สะดวกสบาย มีชื่อเสียงของจังหวัดมากขึ้น,Life Convenience,positive
ไม่จริง การเข้าออกลำบาก,Life Convenience,negative
มันสะดวกแต่เสียงมันรบกวนเวลาหลับนอนหรือพักผ่อนไม่เพียงพอ,Life Convenience,positive
ไม่ใช้ เพราะไม่ได้ใช้บริการเครื่องบิน หนวกหู,Life Convenience,negative
"ใช่ ฉันเห็นด้วย แต่มันมักจะมีเสียงรบกวนเวลาฉันคุยโทรศัพท์และทำกิจกรรมในชีวิตประจำวันนี่สิ แต่มันก็แค่ส่วนหนึ่งเล็กน้อยนะ 
ไม่ได้รบกวนจนฉันอยู่ไม่ได้ แต่รำคาญนิดหน่อย",Life Convenience,positive
สะดวกอยู่ แต่มันทำให้เสียงดัง,Life Convenience,positive
เห็นด้วย แต่เสียงดังรบกวน,Life Convenience,positive
ก็ใช้ได้นะแต่เสียงเครื่องบินจะรบกวนชุมชนใกล้เคียงทำให้เป็นมลพิษทางเสียงอย่างรุนแรงเลยนะ,Life Convenience,positive
มันก็ดี ไม่เดือดร้อนอะไร,Life Convenience,positive
ไม่สะดวกเพราะรถติด,Life Convenience,negative
คมนาคมสบาย แต่เสียงรบกวนและมีมลภาวะทางอากาศ,Life Convenience,positive
สะดวกดี,Life Convenience,positive
เฉยๆ,Life Convenience,neutral
ใช่แล้วทำให้สะดวกสบายก็จริงแต่มันเสียงดังแถมมีมลพิษ,Life Convenience,positive
ความสะดวกสบายก็เหมือนเดิม แต่มีความเจริญ,Life Convenience,positive
สะดวกแต่เสียงรบกวนมาก,Life Convenience,positive
ไม่จริงไปทุกๆเรื่อง สะดวกแต่การเดินทางไปสนามบินเท่านั้น แต่สภาพแวดล้อมมลภาวะทางด้านเสียงรบกวนมากๆ,Life Convenience,positive
ไม่ดีเลย อากาศเป็นพิษ รถก็จะติดมากยิ่งขึ้น หนวกหู เสียงเครื่องบิน ไปเปิดที่อื่นจะดีกว่า,Life Convenience,negative
ไม่สะดวก เพราะไม่ใช้บริการ,Life Convenience,negative
ก็ดีจะได้ทันสมัยเขาด้วยแหละ ทำให้เศรษฐกิจดีขึ้นด้วย,Life Convenience,positive
ก็ดีนะเดินทางข้ามประเทศสะดวกสบาย,Life Convenience,positive
ใช่ แต่เสียงเครื่องบินดังไปหน่อย,Life Convenience,positive
ใช่,Life Convenience,positive
สะดวก เร็วดี จะไปไหนมาไหนไว,Life Convenience,positive
ไม่ได้เรื่อง เพราะไม่ค่อยไปไหน,Life Convenience,negative
สบายสำหรับผู้อยู่ห่างจากสนามบิน ส่งผลกระทบชุมชนรอบข้าง สิ่งแวดล้อมเปลี่ยนจากเดิม,Life Convenience,negative
ไม่ได้ช่วยคนบริเวณนี้แม้แต่นิดเดียวคนที่นี่ยังใช้ชีวิตเหมือนเดิมพร้อมกับเสียงรบกวนของเครื่องบิน,Life Convenience,negative
ไม่นะไม่ได้เป็นอย่างที่คิดเลย,Life Convenience,negative
สะดวกสำหัรบคนที่เดินทางไป ตปท.,Life Convenience,positive
ไม่ดีเลย รู้สึกอึดอัดกับความวุ่นวาย,Life Convenience,negative
ใช่สะดวกสบายดี เดินทางสะดวกดี ไปรับญาติสะดวกดี,Life Convenience,positive
ก็ดี เพราะ ถ้ามีสิ่งพวกนี้ ความเจริญก็จะดี ให้เปิดใจยอมรับ,Life Convenience,positive
ไม่ชอบ เพราะ อาจจะดีเป็นบางครอบครัวที่เขาทำงาน,Life Convenience,negative
ดีมาก ทำให้สะดวกมากยิ่งขึ้น แต่บางทีฉันว่าเสียงดังไปหน่อยนะ,Life Convenience,positive
ใช่ เพราะทำให้การเดินทางสะดวกสบายขึ้น สำคัญสำหรับผู้ที่ไปที่ไกลๆ,Life Convenience,positive
ไม่อยากให้มีสนามบิน,Life Convenience,negative
ไม่เห็นด้วย เพราะเสียงดัง,Life Convenience,negative
ไม่ชอบ เสียงดัง,Life Convenience,negative
สะดวกสบายก็จริงนะแต่เสียงรบกวนจากเครื่องบินมันมีผลกระทบต่อการอยู่อาศัยของพวกเรา,Life Convenience,positive
ไม่มีผลกับเรา,Life Convenience,neutral
ใช่ สะดวกต่อการสัญจรไปต่างจังหวัด,Life Convenience,positive
ก็ดี,Life Convenience,positive
ใช่แล้ว สาธารณูปโภคครบครัน ไฟฟ้า น้ำประปา รถสาธารณะ,Life Convenience,positive
สะดวกสบายดีขึ้น,Life Convenience,positive
เห็นด้วย คิดว่าสะดวกสบายขึ้น,Life Convenience,positive
ไม่แน่ใจ เพราะสนามบินไม่ได้ทำให้ทุกคนมีอยู่มีกินดีขึ้น,Life Convenience,neutral
ก็ดี แต่มันก็ยังมีเสียงดังรบกวน กับการจราจรที่ติดขัด,Life Convenience,neutral
ตั้งแต่มีสนามบินมายังไม่เห็นอะไรเปลี่ยนแปลง พัมนาเฉพาะทางเข้าสนามบิน,Life Convenience,negative
ไม่ดีแน่เลย เสียงเครื่องบินน่ารำคาญมากทำให้นอนหลับไม่สนิท,Life Convenience,negative
มันก็ไม่เสมอไปนะ,Life Convenience,neutral
ดี แต่เสียงดัง,Life Convenience,positive
มันก็สะดวกดีในการเดินทาง แต่ถ้านายไม่ชอบเสียงดังอาจจะไม่ชอบก็ได้นะ แต่ถ้าอยู่ไปมันก็จะชินไปเองเพื่อน,Life Convenience,positive
เห็นด้วย,Life Convenience,positive
ก็สบายดี เจริญดี,Life Convenience,positive
ไม่ชอบความจอแจเลย,Life Convenience,negative
ดี และสะดวกต่อการเดินทางได้เร็วขึ้น,Life Convenience,positive
ไม่ดี ทำให้เกิดเสียงรบกวน,Life Convenience,negative
มันอาจทำให้รถติดมากขึ้นนะ แถมเสียงดังอีก,Life Convenience,negative
ใช่,Life Convenience,positive
"ใช้อยู่ทำให้บ้านเมืองเราดูเจริญสะดวกสบายยิ่งขึ้นและเราต้องนึกถึงประชาชนทุกคนที่พักอาศัยอยู่แถวๆสนามบินนี้ด้วย
ว่าได้รับผลกระทบอะไรหรือไม่ ด้านใดบ้าง",Life Convenience,positive
สบายจริง แต่เสียงรบกวนดังมาก,Life Convenience,positive
เราว่าไม่ค่อยจะเท่าไหร่นะ,Life Convenience,neutral
ไม่ดีเลย อยุ่ใกล้สนามบินสิ่งแวดล้อมไม่ดี อากาสเสีย เสียงดัง,Life Convenience,negative
แต่ผมว่ามันรบกวนผู้อื่นนะ เสียงดังอีกด้วย,Life Convenience,negative
ก็ไม่รู้จะพูดยังไง การเจริญก็ดี,Life Convenience,positive
แต่ที่บ้านไม่ได้ไปใช้บริการ เสียงดังด้วยที่บ้าน,Life Convenience,negative
ไม่เห็นจะดีตรงไหน การเดินทางก็เหมือนกับตอนที่สนามบินยังไม่เปิด อย่างเป็นทางการ,Life Convenience,negative
ก็ดีนะ ความเป็นอยู่ที่นี่จะได้สะดวกสบายยิ่งขึ้น,Life Convenience,positive
ใช่ แต่เสียงดังไปหน่อยนะ,Life Convenience,positive
แต่แย่ว่ะ ดุทีวีไม่รู้เรื่องเลย หูตึงไปหมดแล้ว,Life Convenience,negative
ก้ดีนะ แต่เสียงดังมากรบกวน,Life Convenience,positive
ขัดขวางไม่ได้ เพราะมีความสะดวกเข้ามา,Life Convenience,positive
ดี แต่ต้องยอมรับสิ่งที่เกิดขึ้น,Life Convenience,positive
ไม่จริงเสมอไป,Life Convenience,neutral
ดี แต่เราไม่ได้ใช้เครื่องบิน มีแต่เสียงที่รบกวนอย่างเดียว,Life Convenience,neutral
ไม่เลย เสียงดัง,Life Convenience,negative
ไม่เห็นด้วยนะ เราไม่ได้ใช้ประโยชน์จากเครื่องบิน ความสะดวกสบายมันมีอยู่แล้ว ไม่ได้เกี่ยวกับสนามบิน,Life Convenience,negative
ไม่นะ เราไม่ได้ขึ้นเครื่องบินความสะดวกสบายไม่เกี่ยวกับการสร้างสนามบิน,Life Convenience,negative
ก็ดี แต่เสียงจะดัง,Life Convenience,positive
ไม่เห็นด้วยแต่มันก็พัฒนาขึ้นถนนหนทางแต่มันมีผบกระทบต่อชุมชนรอบด้าน รถติดคนเพิ่มขึ้นค่าชดเชยก็ไม่ได้,Life Convenience,negative
ก็ดีนะ สะดวก,Life Convenience,positive
มันดี แต่มลพิษเยอะไปหน่อย,Life Convenience,positive
เห็นด้วยนะ,Life Convenience,positive
ไม่ดีเลย เสียงดัง,Life Convenience,negative
เห็นด้วย สะดวกสบายดี,Life Convenience,positive
เห็นด้วย,Life Convenience,positive
เห็นด้วย เวลาเดินทางไปต่างจังหวัดสะดวกขึ้นเครื่องเลย,Life Convenience,positive
เห็นด้วย สะดวกสบายในการรเดินทาง,Life Convenience,positive
ไม่ดี เสียงดัง,Life Convenience,negative
ไม่ดีเลย ไม่เกี่ยวกับชีวิตประจำวัน,Life Convenience,negative
ก็ดีนะ,Life Convenience,positive
ดี แต่เราไม่ได้เดินทางโดยเครื่องบิน,Life Convenience,positive
เราก็ไม่สะดวกหรอก เราไม่ได้ขึ้น สร้างความรำคาญให้เราอีก,Life Convenience,negative
ก้ดีนะ คือเวลาไปไหนก็สบายมันทำให้จังหวัดเจริญขึ้น,Life Convenience,positive
มันก็รำคาญหู สะดวกสบายตรงไหน,Life Convenience,negative
เฉยๆ อะนะ,Life Convenience,neutral
มันก็ไม่ดีหรอกเป็นการรบกวน,Life Convenience,negative
เอิ่มดี,Life Convenience,positive
ก็สะดวกสบายเฉพาะคนรววยพวกผมไม่ใช้นักธุรกิจ แต่ถนนหนทางก็สะดวกสบาย,Life Convenience,positive
ไม่รู้นะแล้วแต่คน,Life Convenience,neutral
มันก็หนวกหูนะ แต่เจริญดี,Life Convenience,positive
ความสะดวกก็ดีนะ แต่มีความหนวกหู,Life Convenience,positive
ไม่เห็นด้วย ก็ปกตินะ เหมือนเดิม,Life Convenience,negative
ไม่เห็นด้วยเสียงดัง (แต่ไกลๆไม่เป็นไร),Life Convenience,negative
ใกล้นะแต่ไม่ค่อยได้ใช้(นานๆที),Life Convenience,neutral
ไม่ดีเลย ต้องย้ายบ้านอีก,Life Convenience,negative
มันก็ดีไปอย่าง แต่เสียงดังบางครั้ง,Life Convenience,positive
ก็ดีครับ,Life Convenience,positive
เราไม่ได้ใช้เครื่องบินมันสะดวกสบายเฉพาะคนมีตังค์,Life Convenience,neutral
ก็พอสมควรดีขึ้นกว่าเก่าหน่อย,Life Convenience,positive
ก็ดีเสียงตรงนี้ไม่ค่อยดัง,Life Convenience,positive
มันก็เจริญขึ้นน้ะ,Life Convenience,positive
ไม่เกี่ยวกับเรานะ,Life Convenience,neutral
ไม่ค่อยชอบ,Life Convenience,negative
มันก็ดี,Life Convenience,positive
มันก็โอเค แต่มันก็มีผลเสีย,Life Convenience,neutral
มันก็เป็นบางอย่าง แต่มีเสียงดัง,Life Convenience,neutral
ก็ดี,Life Convenience,positive
เห็นด้วย,Life Convenience,positive
ไม่จริงเพราะเราไม่ได้ใช้เครื่องบิน,Life Convenience,negative
"ไม่เห็นด้วย เราว่าไม่ดีเท่าไหร่นัก เพราะถ้ามีสนามบินมาเปิดให้บริการอยู่แถวนี้ ผู้คนที่อาศัยอยู่บริเวณนี้ 
ก็จะได้รับความรบกวนจากเสียงมากกว่าถึงมันจะสะดวกสบายในการเดินทางไปไหนมาไหนก็เถอะ 
เราว่าเค้าควรไปเปิดบริการในที่ห่างไกลจากแหล่งที่อยู่อาศัย ชุมชน หมู่บ้านนะ",Life Convenience,negative
ก็ดีนะ มันทำให้เจริญขึ้น,Life Convenience,positive
ก็ดีนะ ทำมาหากินง่ายขึ้น,Life Convenience,positive
ก็ดี ไม่ค่อยมีเสียงรบกวน,Life Convenience,positive
สะดวกสบายดี แต่ลำบากเวลามีคนขนของมาเผา ปากทางรถติด,Life Convenience,neutral
คนเยอะขึ้น,Life Convenience,negative
ไม่ดี รถติด,Life Convenience,negative
เห็นด้วย,Life Convenience,positive
ใกล้เกินก็ไม่ไหว ถ้าอยู่ไกลๆ ก็โอเค,Life Convenience,neutral
ไม่เกี่ยวกับเราเลย,Life Convenience,neutral
"ไม่ดีเลย เพราะว่ามีความวุ่นวายมากขึ้น การจราจรติดขัด อากาศเป็นพิษจากควันท่อไอเสียเครื่องยนต์ มีเสียงดังจากเครื่องบิน 
ขึ้น-ลง รวมทั้งรถยนต์-รถมอเตอร์ไซต์ที่มากขึ้น",Life Convenience,negative
มันไม่ดี เพราะเราไม่ได้ใช้บริการในส่วนนี้,Life Convenience,negative
มันก็ดีนะ มีความเจริญมากขึ้น แต่เสียงดังของเครื่องบินนี่ซิ แย่หน่อย รถก็ติดมากด้วย เฮ้อทำใจ,Life Convenience,neutral
เราก็เฉยๆ ไม่ได้เดินทางไปไหนหนวกหูอีกตะหาก,Life Convenience,neutral
ใช่ไปมาสะดวกขึ้นถึงแม้เสียงของเครื่องบินจะดังไป,Life Convenience,positive
เราไม่ได้ประโยชน์จากเขา,Life Convenience,negative
ดี,Life Convenience,positive
ไม่ค่อยสะดวกสบายเท่าไหร่แต่ก็ต้องอยู่,Life Convenience,negative
สะดวกสบายก็ดีนะ,Life Convenience,positive
ไม่ได้สะดวกสบายกับตัวเอง,Life Convenience,negative
ไม่มีเลย น่ารำคาญ,Life Convenience,negative
มันไม่มีผลอะไร เพราะไม่ได้อยู่ใกล้,Life Convenience,neutral
ก็ดีนะ เดินทางสะดวกดี,Life Convenience,positive
มันก็สะดวกสบายอยู่ แต่มันก็หนวกหูนะ,Life Convenience,positive
เฉยๆเพราะไม่ได้ใช้,Life Convenience,neutral
ไม่ใช่,Life Convenience,negative
ไม่เกี่ยวกันนะ ได้รับเสียงรบกวน,Life Convenience,negative
เราไม่ได้ใช้,Life Convenience,neutral
ไม่ค่อยยินดีเท่าไหร่ เพราะทำอาชีพเกษตรกรไม่ได้ใช้,Life Convenience,negative
ก็ดีนะแต่เราไม่ได้ใช้นิ,Life Convenience,neutral
คนอื่นเค้าก็สะดวกสบายแหละแต่เราไม่ได้ใช้บริการแถมยังมีปัญหาเรื่องเสียง กลิ่นเหม็นน้ำมันสน ขยะ,Life Convenience,negative
มาสะดวกสบาย ดีอย่างคือน้ำไม่ท่วม,Life Convenience,positive
สะดวกแจ่ไม่ปลอดภัยเรื่องกลิ่นน้ำมัน,Life Convenience,positive
ไม่รู้อะ,Life Convenience,neutral
ไม่อยากให้เปิดเลย หนวกหูรำคาญละลูกเอ๊ย,Life Convenience,negative
ก็ดี,Life Convenience,positive
ก็ปกติเหมือนเดิม,Life Convenience,neutral
เราไม่ได้รู้สึกอะไร,Life Convenience,neutral
ก็ดี กับความเจริญแต่มีปัญหาทางด้านเสียง,Life Convenience,positive
ไม่มีสานมบิน ก็สะดวกอยู่แล้ว,Life Convenience,negative
ไม่ดีเลย เพราะเราไม่ได้ใช้บริการ,Life Convenience,negative
มีทั้งดีและไม่ดี 50-50,Life Convenience,neutral
ไม่โอเคเลย,Life Convenience,negative
ไม่ค่อยดี เสียงดัง,Life Convenience,negative
ไม่ชอบ เพราะเสียงดัง,Life Convenience,negative
ก็ดีนะ แต่เราต้องทนกับปัญหาเยอะแยะ,Life Convenience,negative
ไม่ดีอ่า รำคาญเสียง,Life Convenience,negative
มันไม่สะดวกสบายสำหรับเรา เพราะเราไม่ได้ใช้เครื่องบิน,Life Convenience,negative
คิดว่าช่วยให้มีการป้องกันน้ำท่วมได้ดีขึ้น,Life Convenience,positive
การขนส่งก็โอเคนะ,Life Convenience,positive
ไม่ดีเลย เพราะ มีเสียงรบกวนตลอดเวลาพอดี TV ต้องเปิดเสียงดังเพิ่ม จนบางที ลำโพง TV แตก,Life Convenience,negative
มันเสียงดัง แต่การคมนาคมก็สะดวกจริง แต่มันก็เสียงดังมาก,Life Convenience,positive
อื่ม..ก็ต้องดูถึงผลดี ผลเสียกับเราในระยะยาวด้วยนะ,Life Convenience,neutral
ถ้าคนเดินทางมันก็ดี แต่เราเฉยๆเพราะเราไม่ได้ใช้,Life Convenience,neutral
ไม่ดีหรอกมันสะดวกสบายแต่ว่ามันเสียงดัง,Life Convenience,positive
มันก็ไม่ดีอ่ะ เพราะไม่รู้จะย้ายไปไหน,Life Convenience,negative
ไม่ดีอะ มลพิษมันเยอะ,Life Convenience,negative
มันดีเรื่องน้ำไม่ท่วมเพราะเข้าสูบออก,Life Convenience,positive
มันก้ดีเหมือนกัน แต่บางทีมันหนวกหู,Life Convenience,positive
ก็ดีคือมันทำให้เจริญขึ้น แต่ให้ค่าชดเชยช้ามาก,Life Convenience,positive
การเดินทางสะดวกสบายขึ้น,Life Convenience,positive
ถ้าได้ใช้ก็คงพูดว่าดีนะ ก็ไม่ได้ใช้ด้วยก็เฉยๆ,Life Convenience,neutral
ก็ดี การขนส่งง่ายขึ้นก็ดี รถติดบ้าง,Life Convenience,positive
เห็นด้วย(ภาพรวมๆ) แต่เราไม่ได้ใช้,Life Convenience,neutral
ก็ดีนะ แจ่ก็ไม่ค่อยขึ้นเครื่อง,Life Convenience,neutral
ไม่เห็นด้วย เสียงดัง มีมลพิษอากาศ,Life Convenience,negative
สบายพวกเขา ไม่เกี่ยวกับเรา,Life Convenience,neutral
ดีนะแต่ว่าเสียงเครื่องบินจะดังน้อยกว่านี้นะ,Life Convenience,positive
ก็สะดวกดี ก็ โอเค นำถนนมาให้ที่บ้าน,Life Convenience,positive
มันก็ดีนะ แต่ก็มีบ้างที่เสียงเครื่องบินรบกวนการพักผ่อนของเรา,Life Convenience,positive
ใช่! ทำให้การเดินทางสะดวกสบายมากกว่าเดิม,Life Convenience,positive
ไม่ดีเลยมีเสียงรบกวน  การจราจรก็แออัด เราต้องนอนไม่ค่อยหลับแน่,Life Convenience,negative
เห็นด้วย เจริญดี,Life Convenience,positive
มีสิ่งอำนวยความสะดวกมากขึ้น,Life Convenience,positive
"ใช่ มันก็ดีอยู่แต่การจราจรคงแออัดขึ้นกว่าเดิมแน่เลย มลพิษคงมากกว่าเดิมอากาศคงไม่ดีเหมือนเดิม 
แต่เศรษฐกิจแถวนี้ก็คงดีมากขึ้นน แต่ก็คงแออัดด้วยตึกสูงหลายชั้น หมู่บ้านต่างๆเช่นกัน",Life Convenience,neutral
จริงเหรอ แต่ฉันว่าเสียงเครื่องบินเวลาขึ้นลงจะดังมากนะ,Life Convenience,negative
ใช่ ดีเห็นด้วย,Life Convenience,positive
มันก็เจริญดี,Life Convenience,positive
มันคือความเจริญของประเทสไม่ใช่ของเรา,Life Convenience,negative
เห็นด้วย แต่ไม่คสรเวนคืนมากกว่านี้,Life Convenience,positive
เห็นด้วย,Life Convenience,positive
ก็ดีใกล้สนามบิน สะดวกดี,Life Convenience,positive
ไม่เห็นสะดวกสบายเลยรบกวนตลอดเวลา,Life Convenience,negative
ดีนะ ก็ดี ถ้าไม่มีเสียงให้รำคาญ,Life Convenience,positive
ดีที่มีสนามบิน น้ำที่เคยท่วมบ้านก็ไม่เคยท่วม,Life Convenience,positive
ไม่เห็นจะดี เพราะเสียงมันดัง,Life Convenience,negative
ไม่เห็นด้วย เสียงดังเลยไม่ชอบ,Life Convenience,negative
ก็ดีอ่ะ มันใกล้สะดวกสบายเดินทาง,Life Convenience,positive
ก็ดีนะ แต่เสียงมันดัง,Life Convenience,positive
ดี ที่มีความสะดวกสบายแต่เสียงดังไปหน่อย,Life Convenience,positive
ใช่ สะดวกสบายมาก ไปไหนมาไหนก็ได้คล่อง,Life Convenience,positive
ก็เจริญดีนะ แต่ดังไปเป็นบางครั้ง,Life Convenience,positive
สะดวกสบายคนอื่น แต่เราเดือดร้อนเสียงดัง,Life Convenience,negative
จริงอยู่ แต่มลภาวะเสียงก็ตามมาเช่นกัน,Life Convenience,positive
ดี,Life Convenience,positive
ใช่ๆ ทำให้การเดินทางสะดวกสบายมากขึ้นจริงๆ,Life Convenience,positive
"แต่เสียงของเครื่องบินก็ดังมากนะ แรกๆตกใจตื่นตอนกลางคืนเลย มลพิษทางอากาศก็เกิดขึ้นยิ่งช่วงหน้าหนาว
เครื่องบินปรับทิศทางการขึ้นบินเสียงยิ่งดังมากๆ",Life Convenience,negative
ไม่สบาย เพราะเราไม่ได้ใช้เครื่องบินมีเสียงดังด้วยซ้ำ,Life Convenience,negative
ไม่ดี เสียงดัง น่ารำคาญ,Life Convenience,negative
ไม่สะดวกสบายเพราะมีเสียงรบกวน,Life Convenience,negative
สะดวกก็จริง แต่ว่ามันมีเสียงรบกวนที่น่ารำคาญ ทำให้ต้องตื่นมากลางดึกบ่อยครั้งมาก,Life Convenience,positive
ชอบ สะดวกสบายดีเจริญขึ้นเยอะๆ แต่มีเสียงดังไปหน่อย,Life Convenience,positive
ได้ส่วนเดียวคือการเดินทางไปสนามบิน แต่เรื่องมลพิษเสียมาก,Life Convenience,positive
เห็นด้วย,Life Convenience,positive
ไม่เห็นสะดวก ไม่เห็นจะมีรถเข้ามาถึงเลย,Life Convenience,negative
ไม่ดีจะทำให้เสียงดัง อาจเกิดมลพิษ,Life Convenience,negative
มันก็ดี แต่อาจจะรำคาญเสียงเครื่องบิน รถติดเพราะคนเดินทางมาใช้บริการสนามบิน,Life Convenience,neutral
ประเทศต้องพัฒนาต้องแข่งขันเพื่อตอบสนองความต้องการของมนุษย์รวดเร็วประหยัดเวลา,Life Convenience,positive
รถติด,Life Convenience,negative
แต่เราว่าเสียงดังมากนะ คลื่นทีวีและสัญญาณอิเตอร์เน็ตหาย ฝ้าห้องนอนสั่น รบกวนมาก,Life Convenience,negative
เสียงดังและรถติดมากขึ้นน่ะสิ,Life Convenience,negative
ก็ดีซิเจริญดี มีสนามบิน,Life Convenience,positive
ไม่ดีเลย,Life Convenience,negative
ก็สะดวกสบยาจริงๆนะ,Life Convenience,positive
ก็เจริญดีนะ แต่สภาวะแวดล้อมไม่ดี มีคราบน้ำมัน,Life Convenience,positive
ก็เคนะ,Life Convenience,positive
ถ้าสะดวกก็ดีอ่ะ,Life Convenience,positive
มันก็สบาย แต่มันรบกวนรถติด,Life Convenience,neutral
ไม่เอาสนามบิน,Life Convenience,negative
ก็ดีนะ การเดินทางสะดวกสบาย,Life Convenience,positive
เฉยๆ มีทั้งดีและเสีย,Life Convenience,neutral
สดวกสบายแต่ก้มีเสียงรบกวนมากขึ้นการจราจรก็อาจจะติดขัดมากกว่าเดิม,Life Convenience,neutral
เห็นด้วย,Life Convenience,positive
ไม่เห็นด้วย มีผบกระทบอื่นๆระยะยาว เช่น เสียงการขยายตัวของเมือง(คนย้าย รถติด),Life Convenience,negative
"มันมีทั้งข้อดีและข้อเสียนะ ข้อดีก็ตรงที่ทำให้ความเป็นอยู่สะดวกสบายยิ่งขึ้น แต่ข้อเสียก็คือ 
เป็นต้นเหตุของเสียงที่ก่อความลำคาญในบ่อยครั้ง",Life Convenience,neutral
ไม่ดีซิเพราะว่าเสียงจากเครื่องบินรบกสนการนอนของเรานะซิ,Life Convenience,negative
แต่ก็มีข้อเสียอยู่บ้านคือ มีเสียงดังตตลอดเวลา รถติด มลภาวะทางอากาศไม่ดีนัก,Life Convenience,negative
มันก็โอเคแต่ก็ต้องไม่กระทบความเป็นอยู่ของชุมชน,Life Convenience,positive
ก็ต้องยอมรับนะ แต่ควรมีการช่วยเหลือผู้ที่ได้รับผลกระทบ,Life Convenience,neutral
ดี ที่สนามบินอยู่ใกล้บ้าน,Life Convenience,positive
ดีขึ้น มันเจริญขึ้น แต่รถติด,Life Convenience,neutral
OH No,Life Convenience,negative
ไม่ดี รถติด,Life Convenience,negative
รู้สึกดี,Life Convenience,positive
เดินทางสะดวกดี,Life Convenience,positive
ไม่ดี มีเสียงรบกวน,Life Convenience,negative
ก็เฉยๆนะ,Life Convenience,neutral
ไม่ได้ไปไหน ไม่ต้องใช้สนามบิน มาเกี่ยวอะไรกับฉันละ,Life Convenience,neutral
มันดีกับไม่ดีคู่กัน ดีก็การขนส่งมุ่งมาที่นี่ รถไฟฟ้าสาธารณะสุข แต่ส่วนที่ไม่ดีคือ การจราจรติดขัด คนวุ่นวาย,Life Convenience,neutral
"มันก็ดี มีรถประจำทางผ่านเยอะ ไม่ต้องรอนาน อย่างอื่นก็เหมือนเดิม สนามบินก็ไม่ได้มีโอกาสไปใช้ตอนสร้างใหม่ 
เสียงก็ดังตอนนี้ชินแล้ว",Life Convenience,neutral
"ก็ดีมีสิ่งอำนวยความสะดวกมันก็เพิ่มขึ้นในแถวบ้านผลเสียของการมีสนามบินก็ไม่ค่อยมีนะ 
เพราะเราไม่ได้อยู่ใกล้ให้ได้ยินเสียงขนาดนั้นแต่ก็มีบ้าง แต่ไม่รู้ว่าเพราะสนามบินรึเปล่า",Life Convenience,positive
ก็ดีนะสะดวกในด้านการเดินทาง,Life Convenience,positive
ไม่ดีหรอก คิดว่าหนวยกหูกันนะ แต่รถเยอะของเราก็ขายได้,Life Convenience,negative
มันก็ดีอ่ะ,Life Convenience,positive
เฉยๆก็ไม่ต่างจากเดิมากนะ รถมันก็ติดของมันอยู่แล้ว,Life Convenience,neutral
ก็ดี แต่มีเสียงเครื่องบิน สะดวกสบายก็จริง แต่คนเยอะรถติด การจราจรแย่มาก,Life Convenience,neutral
ไม่สะดวกสบายหรอก รถติดจะตาย,Life Convenience,negative
จะดีกว่านี้ ถ้าไม่มีเสียงดัง,Life Convenience,positive
ไม่มีผลอะไร ทำให้รถติดขึ้นมากกว่าเมื่อก่อน,Life Convenience,negative
ใช่ เพราะบ้านเราจะได้มีแต่สนามบินที่อยู่ใกล้บ้าน,Life Convenience,positive
เฉยๆ,Life Convenience,neutral
ใช่เลย แต่รถก็จะเยอะมากขึ้น เดินทางไม่สะดวกเวลาเร่งรีบ,Life Convenience,neutral
สะดวกในการเดินทาง,Life Convenience,positive
ก็ดีนะ ชอบที่เลือกมีบ้านอยู่นี่ เพราะการขนส่งสะดวกสบาย,Life Convenience,positive
ใช่แล้วละ เราไม่ต้องเสียเวลาในการเดินทางและค่าใช้จ่ายในการเดินทางไปสนามบิน ทำให้สะดวกสบายมากยิ่งขึ้น,Life Convenience,positive
"ก็โอเคในบางเรื่อง แต่มลภาวะที่ตามมากับความเจริญและความศรีวิไล แล้วเคยถามผมบ้างรึเปล่าในการจะทำโครงการอะไรซักอย่าง 
ผมก็เป็นเจ้าของประเทศเช่นคุณนะ",Life Convenience,neutral
"ก็เฉยๆนะ บ้านเราอยู่ใกล้สนามบินบางทีเสียงเครื่องบินก็ดังมากเหมือนกันในบางที แต่บางทีเราก็ว่าเราเดินทางสะดวกดี
เพราะมีสนามบินมาเปิดใกล้ๆ ทำให้แถวบ้านเราการเดินทางสะดวกมากขึ้น เช่นมี airportlink มา",Life Convenience,neutral
ดีนะ,Life Convenience,positive
ก็ดีนะ การคมนาคมดีขึ้น,Life Convenience,positive
ไม่ดี,Life Convenience,negative
ก็มีความสะดวกสบายยิ่งขึ้น แต่จะมีเสียงดังรบกวน,Life Convenience,positive
ดี เพราะมีงานทำ มีรายได้,Life Convenience,positive
ก็สะดวกดี สมมุติว่าเราจะขึ้นเครื่องบินก็ไม่ต้องไปถึงดอนเมือง มี Airportlink,Life Convenience,positive
ดี สะดวกขึ้น มีความเจริญเช่น รถไฟฟ้า,Life Convenience,positive
เราไม่ได้ใช้บริการอยู่แล้ว,Life Convenience,neutral
ที่อื่นเขาสะดวกสบายแต่เราอยู่ตรวทางขึ้น- ลง ของสนามบินมีเสียงรบกวนมากเกินไป,Life Convenience,negative
ฉันเฉยๆ,Life Convenience,neutral
ก็ดีนะถ้าเสียงไม่ดัง,Life Convenience,positive
มันก็จริงอยู่นะ แต่มันต้องแลกมาด้วยเรื่องสิ่งรบกวนทางด้านเสียงหรือเรื่องการจราจรที่อาจจะหนาแน่นขึ้น,Life Convenience,neutral
ก็จริงแต่ก็มีเสียงรบกวนนิดหน่อย,Life Convenience,positive
โอ้ผมเป็นคนค้าขาย ผมมีรถส่วนตัวคงไม่มีประโยชน์เท่าไหร่หรอกสำหรับผม,Life Convenience,negative
ก็ดี ไม่ต้องเดินทางไปไกล การเดินทางไปไหนสะดวกสบายมีสาธารณูปโภคสะดวกดี,Life Convenience,positive
ได้รับผลกระทบด้านสิ่งแวดล้อม,Life Convenience,negative
อยู่อย่างนี้มันก็สบายดี,Life Convenience,neutral
มันก็ดีนะ แต่เรา ในชีวิตประจำวันไม่ได้ใช้เครื่องบิน,Life Convenience,neutral
สบายต่อการเดินทาง,Life Convenience,positive
ถือว่าดี สะดวกสบายมากขึ้น,Life Convenience,positive
มันก็ดี แต่เสียง ต้องมาดูแลชาวบ้านบ้าง ในเรื่องของเสียง,Life Convenience,positive
ใช่แล้ว จะได้สะดวกสบาย,Life Convenience,positive
ฉันไม่ชอบ มันอาจจะมีเสียงดังของเครื่องบินทำให้เรารำคาญนะสิ,Life Convenience,negative
มันสะดวกสบายก็จริง แต่คนที่เขาอยู่บ้านแถวนี้ เขาจะอยู่ไม่ได้เนื่องจากเสียงรบกวนของเครื่องบิน,Life Convenience,negative
ไม่ดี เสียงดัง,Life Convenience,negative
ไม่เกี่ยวกันเลย ทุกอย่างก็ยังเหมือนเดิม การมีสนามบินไม่ได้ช่วยอะไรเลย,Life Convenience,neutral
"ไม่ดีหรอก วุ่นวาย ผู้คนเยอะแยะมากมาย ไม่รู้ใครเป็นใคร เสียงดัง ถ้าเป็นเมื่อก่อนคิดว่าน่าจะดี 
แต่เดี๋ยวนี้ไม่ ถ้าเลือกได้ อยากกลับไปอยู่ต่างจังหวัด",Life Convenience,negative
โอ้ยไม่เห็นด้วยเลย มันไม่จริงเลย,Life Convenience,negative
มันก็ดีอยู่ตาสภาพสิ่งแวดล้อมรอบๆ มันไม่ดีไปด้วยบรรยากาศเป็นพิษ,Life Convenience,positive
"ความเจริญเข้ามาก็จริง แต่ก็ไม่ส่งผลให้ชาวบ้านมีความเป็นอยู่ที่ดีขึ้นหรอก 
เพราะเมื่อความเจริญเข้ามามลภาวะก็เข้ามาด้วย เช่น ฝุ่นละออง น้ำมัน",Life Convenience,neutral
ดีค่ะ ใกล้บ้านเราดี,Life Convenience,positive
ไม่,Life Convenience,negative
"ในความคิดเรา ไม่สะดวกสบายนะสำหรับเรา คนที่สะดวกก็คือคนที่เดินทางทางเครื่องบิน กลับกัน 
เรากลับหนวกหูเสียงเครื่องบินมากกว่า",Life Convenience,negative
มันก็ดีอะนะ,Life Convenience,positive
มันไม่ดีหรอก มาใกล้ๆ,Life Convenience,negative
กับเรามันไม่สะดวก,Life Convenience,negative
ไม่เลย,Life Convenience,negative
ไม่ดีหรอก,Life Convenience,negative
สะดวกดี,Life Convenience,positive
มันก็ดี แต่ก็มีเสียงดังรบกวน,Life Convenience,positive
ไม่ดี เพราะมีเสียงรบกวนมาก,Life Convenience,negative
"สะดวกสบายขึ้นก็จริงแต่ก็ยังรำคาญเสียงเครื่องบินอยู่ แถมเครื่องบินบินผ่านทีนี้หลายไฟล์มาก 
รู้สึกหนวกหูมากกว่าสะดวกสบายนะ",Life Convenience,negative
ก็ดีอยู่ แต่ก็หนวกหู เวลาเครื่องบิน บินผ่าน,Life Convenience,neutral
มันก็สะดวก,Life Convenience,positive
มันก็ปกติ เพราะเราไม่ได้อยู่ใกล้สนามบิน,Life Convenience,neutral
เฉยๆนะ,Life Convenience,neutral
มันก็เจริญขึ้นนะ,Life Convenience,positive
"ดีแน่ๆ ความเจริญที่เข้ามา ถนน ร้านค้า ถ้าการคมนาคมการสื่อสาร ความสะดวกสบาย งานอาชีพ 
แต่ก็จะต้องยอมรับสิ่งที่จะตามมา คือมลพิษทางเสียง กลื่น ความแอดอัด",Life Convenience,positive
ถึงจะสะดวกสบายขึ้น แต่มันจะทำให้การจราจรติดขัดมากขึ้น,Life Convenience,neutral
ฉันว่าเสียงมันดังรบกวน จะนอนก็ได้ยินแต่เสียงเครื่องบิน,Life Convenience,negative
คงไม่ดีเท่าไร สะดวสบายก็จริง แต่เสียงของเครื่องบินมันดังมาก,Life Convenience,negative
สะดวกสบายก็จริง แต่เสียงรบกวนมาก,Life Convenience,positive
ไม่เคยใช้บริการเลย,Life Convenience,neutral
มันอยู่ที่คนใช้เครื่องบิน คนรวยอะ แต่คนจนก็รำคาญ,Life Convenience,negative
ไม่ดี เพราะเราไม่ได้ไปไหน แล้วก็รำคาญ,Life Convenience,negative
มันมีทั้งดีและไม่ดีนะ,Life Convenience,neutral
ก็ดีนะคะ แต่อยากให้ลดเสียงลง,Life Convenience,positive
มันก็สะดวกสบายในเชิงพาณิชย์แต่ความเป็นอยู่เรามันน้อยลง,Life Convenience,neutral
ก็ดีนะ เจริญดี,Life Convenience,positive
ก็เฉยๆนะ,Life Convenience,neutral
สะดวกเรื่องอื่น แต่เรื่องเสียงรำคาญมาก ชดเชยก็ไม่ทั่วถึง,Life Convenience,negative
ก็คงไม่ดีกว่า,Life Convenience,negative
ก็ปกติ เฉยๆ,Life Convenience,neutral
ก็ดีเหมือนกัน,Life Convenience,positive
ใช่ ผู้คนแถวนี้จะได้มีงานทำ,Life Convenience,positive
เราไม่ได้ใช้เลยไม่สะดวก เรามันแค่ทางผ่าน,Life Convenience,negative
ก็ใช่นะ เหมือนมีความเจริญเข้ามามากขึ้น,Life Convenience,positive
ก็ดี แต่เราไม่ได้ใช้,Life Convenience,neutral
เราไม่ได้ใช้อะนะ เลยไม่มีความสะดวกอะไร,Life Convenience,neutral
ก็โอเค,Life Convenience,positive
ไม่ดีอ่า,Life Convenience,negative
ก็ดีนะ สะดวกดี ถึงเสียงจะดังไปนิด ก็ต้องทนเอาหน่อยนะ เพื่อนความเจริญของบ้านเรา,Life Convenience,positive
ไม่ได้สะดวกสบายขึ้นหรอก กลับกันมีแต่ความแออัด เสียงดัง กว่าจะปรับตัวได้ก็ต้องใช้เวลานานเหมือนกัน,Life Convenience,negative
เห็นด้วย จะได้ขายของได้มากขึ้น,Life Convenience,positive
ไม่เกี่ยวกัน เพราะอยู่ห่างจากสนามบินเยอะ,Life Convenience,neutral
ไม่ชอบ เพราะทำให้เสียงดังรบกวน,Life Convenience,negative
เห็นด้วยกับคนส่วนมาก,Life Convenience,positive
เมื่อมีการเปิดให้บริการสนามบิน น่าจะทำให้เศรษฐกิจดีขึ้น มีการสร้างงานสร้างอาชีพให้ผู้คนมีรายได้,Life Convenience,positive
เสียงอาจจะรบกวนมากขึ้น มีความเสี่ยง ถ้าเครื่องบินตกลงมา,Life Convenience,negative
มีสนามบินใกล้ๆไม่ดีหรอก,Life Convenience,negative
ดี,Life Convenience,positive
ไม่ดี เสียงดัง,Life Convenience,negative
ดี เพราะมันเดินทางสะดวก,Life Convenience,positive
ไม่เอา เสียงดัง แค่นี้ก็พอแล้ว,Life Convenience,negative
ดี เพราะเดินทางสะดวกดี,Life Convenience,positive
สะดวก แต่เสียงดังรบกวน,Life Convenience,positive
ไม่ดี เสียงดัง,Life Convenience,negative
ถ้าค้าขายก็ดี แต่ถ้าเราไม่ค้าขายก็ไม่ดี,Life Convenience,neutral
ก็จริงน่ะ,Life Convenience,positive
ไม่เลย เพราะมันมีเสียงดังรบกวน,Life Convenience,negative
ไม่ดี เพราะมีรถติด โดยเฉพาะช่วงเย็น เสียงดังด้วย,Life Convenience,negative
ไม่ดี เพราะเสียงดัง รถติด,Life Convenience,negative
ดี แต่ไม่ดีตรงเสียงดังของเครื่องบิน,Life Convenience,positive
ไม่เกี่ยวกันหรอก ที่นี้ก็สะดวกสบายอยู่แล้วถึงจะไม่มีสนามบิน,Life Convenience,neutral
ดี สนามบินก็มีการปรับปรุงแก้ไข,Life Convenience,positive
ดี การเดินการสะดวกสบาย แต่เสียงดังไปหน่อย,Life Convenience,positive
โอเค อะไรก็เจริญขึ้น,Life Convenience,positive
สะดวกสบายดี แต่เสียงเครื่องบินเวลากลางคืนตอนที่บินต่ำ,Life Convenience,positive
ไม่จริง เพราะระบบการบินจะทำให้รบกวนความเป็นอยู่ของผู้อาศัยบริเวณนี้ เสียงดังรบกวน,Life Convenience,negative
ก็สะดวก แต่จะมีเสียงดังรบกวน,Life Convenience,positive
ไม่จริงหรอก เสียงเครื่องบินเวลามันขึ้นทำให้ฉันนอนไม่หลับ เพราะมันเสียงดังมากเลย,Life Convenience,negative
ก็ดี ใกล้สนามบิน,Life Convenience,positive
ก็ใช่ ความเจริญเข้ามา แต่มีเสียงรบกวน,Life Convenience,positive
สะดวกต่อการเดินทาง,Life Convenience,positive
ดี เพราะสะดวกสบาย,Life Convenience,positive
ไม่รู้สิ เราไม่ได้สะดวกสบายอะไร แต่ทางAirport ก็สะดวกแหละ,Life Convenience,neutral
ก็ดี เจริญ ถึงเราจะไม่ได้ใช้ แต่ถ้ามีประโชยน์กับคนอื่นก็ดี,Life Convenience,positive
ก็ดี,Life Convenience,positive
ก็ดี เวลาไปเที่ยวได้ใช้งาน,Life Convenience,positive
ก็จริง เห็นด้วย,Life Convenience,positive
ไม่เห็นด้วยหรอก เสียงดัง,Life Convenience,negative
มันก็จะมีเสียงดัง แต่ถ้าไม่ทำ สนามบินประเทศก็ไม่เจริญอีก,Life Convenience,positive
เป็นเรื่องของบ้านเมืองแหละ ทำให้เจริญ,Life Convenience,positive
เห็นด้วยนะ,Life Convenience,positive
ถ้าพูดตามความคิด ไปมาก็ง่ายสะดวกสบาย,Life Convenience,positive
สบายเฉพาะคนที่เดินทาง,Life Convenience,neutral
มันก็ดีอะ แต่เสียงดัง,Life Convenience,positive
มันสะดวก แต่ว่าเสียงดัง,Life Convenience,positive
ไม่ดีหรอก หนวกหู,Life Convenience,negative
ก็ดีนะ แต่เสียงดังหน่อย,Life Convenience,positive
มันก็ดีอ่ะนะ,Life Convenience,positive
มันก็สะดวกดี ไปไหนมาไหนก็ได้,Life Convenience,positive
ดี,Life Convenience,positive
ไม่เห็นด้วย เพราะสนามบินมันก็มีดอนเมืองแล้ว,Life Convenience,negative
ก็ดีนะ เจริญขึ้น แต่เราก็ไม่เคยใช้บริการและก็มีเสียงดังด้วยนะ เป็นบางครั้ง ดีกว่าเมื่อ่อนเยอะ,Life Convenience,positive
ก็ดีนะ,Life Convenience,positive
เห็นด้วย,Life Convenience,positive
ดีครับ เจริญขึ้น,Life Convenience,positive
ก็ดีนะ,Life Convenience,positive
ก็จริงน่ะ,Life Convenience,positive
การคมนาคมก็ดีขึ้น,Life Convenience,positive
มันก็ไม่เท่าไหร่นะ ปกติไม่ได้ขึ้นเครื่องบิน,Life Convenience,neutral
ผลลัพธ์เสียก็มีนะ คือเป็นทาสของพวกนักธุรกิจ,Life Convenience,neutral
ก็ดีนะ แต่เสียงน่าจะดังมาก หนวกหู นอนไม่หลับ,Life Convenience,positive
ไม่เกี่ยวกับเรา เพราะไม่ใช่บริเวณสนามบิน แต่จะทำให้ความสะดวกสบายขึ้น จำทะรถติด คนเยอะ,Life Convenience,neutral
ไม่ดีเลย ออกจากบ้านปากซอยรถก็ติด อย่าบอกนะว่าเป็นเรื่องธรรมดา แก้ไขได้ก็ดีเลย,Life Convenience,negative
ก็ดีซิ มันอาจจะเป็นแบบนั้นจริงๆ,Life Convenience,positive
จะมีเสียงรบกวนจากเครื่องบิน เป็นครั้งราว ขึ้นอยู่กับทิศทางลมที่เครื่องบินขึ้น ละข้อดี อยู่ใกล้ไม่ต้องเสียเวลาในการเดินทาง,Life Convenience,positive
ไม่ดีเสียงดังรบกวน ดูทีวีไม่รู้เรื่อง ตอนกลางคืนนอนไม่ค่อยได้,Life Convenience,negative
มันจะทำให้เสียงดัง ใครๆก็ไม่ต้องการ,Life Convenience,negative
ชอบตัดสัญญาณทีวี Internet,Life Convenience,negative
เราไม่เคยขึ้นเครื่องบิน มันเกิดเสียงดังรบกวน ได้รับความรำคาญ,Life Convenience,negative
มันคงไม่จริง,Life Convenience,negative
แต่ฉันคิดว่าไม่โอเคนะ เพราะเสียงเครื่องบินจะรบกวนมาก,Life Convenience,negative
ใช่แล้ว การเดินทางก็จะสะดวกสบายมากขึ้น,Life Convenience,positive
ไม่ดี จะทำให้เกิดเสียงดังและเหม็นน้ำมันเครื่องบิน,Life Convenience,negative
ใช่ ฉันก็เห็นด้วยกับคนสะดวกสบาย ไม่ต้องเดินทางไปใช้บริการไกลๆ,Life Convenience,positive
ไม่เลย! มีแต่เสียงดัง รถติดมากขึ้น,Life Convenience,negative
"คุณมีความคิดเห็นอย่างไร ถ้ามีการเปิดสนามบินใกล้แหล่งชุมชนที่คุณอยาอาศัย? (การเปิดบริการสนามบินใกล้แหล่งชุมชน
ที่เราอาศัยอยู่มีข้อดีคือพื้นที่บริเวณชุมชนจะเกิดสิ่งอำนวยความสะดวกเพิ่มมากขึ้น แต่ต้องตระหนักถึงผลกระทบที่จะได้รับด้วย)",Life Convenience,neutral
ดีมันก็ดี แต่ก็ดังรบกวน,Life Convenience,positive
ความสะดวกสบายยังมาไม่ถึงเลย,Life Convenience,negative
เห็นด้วย เพราะการเดินทางสะดวกกับการไปทำงาน,Life Convenience,positive
ไม่ดี เสียงดัง บ้านก็พัง ไม่ได้รับการชดเชยด้วย โทรทัศน์ก็ไม่ได้,Life Convenience,negative
แต่ฉันว่ามันรบกวนคนที่เขาทำงานกลางคืนนะ,Life Convenience,negative
"ไม่จริงเลยที่มีการเปิดบิรการสนามบินใกล้ๆบริเวณนี้เพราะจะทำให้เสียงเครื่องบินรบกวนคนที่อยู่บริเวณนั้น
และรบกวนการนอนของคนอื่นๆ",Life Convenience,negative
เห็นด้วย,Life Convenience,positive
สะดวกสบายอย่างไรไม่ชัดเจน มีแต่ข้อดีและผลกระทบต่อสิ่งแวดล้อมแล้วใครรับผิดชอบ,Life Convenience,neutral
ก็ดีเสียงไม่ได้รบกวนอะไร,Life Convenience,positive
ผมไม่คิดอย่างนั้นนะครับ,Life Convenience,negative
ครับ(เห็นด้วย),Life Convenience,positive
เห็นด้วย ตัวบอกความเจริญ,Life Convenience,positive
ใช่,Life Convenience,positive
ดีค่ะใกล้ๆสนามบินจะมีสิ่งอำนวยความสะดวกมากกว่า,Life Convenience,positive
สะดวกสบายแต่ก็เกิดผลกระทบทางอ้อมทั้งหลายอย่างทั้งมลพิษทางอากาศ เสียงเครื่องบินและการจราจรที่คับคั้งมากกว่าเดิม,Life Convenience,neutral
ก็ดี ชีวิตสะดวกสบายขึ้น,Life Convenience,positive
เสียงดังรบกวน ไม่ชอบ,Life Convenience,negative
ไม่ยินดีเลยมันทำให้เสียงดังมากขึ้น,Life Convenience,negative
ไม่จริงหรอก เราไม่ไปเมืองนอกนิ,Life Convenience,negative
ก็มีทั้งดีและไม่ดีนะ 80% ดี 20% ไม่ดี,Life Convenience,positive
ก็โอเคนะ จะได้เจริญ,Life Convenience,positive
ไม่ดีอ่ะ ไม่ได้ใช้,Life Convenience,negative
มันเสียงดังเกินไป อีกอย่างมัมไม่ได้มีผลอะไรกับเราอ่า,Life Convenience,negative
ไม่เอาไม่อยากให้มาเปิดเลย,Life Convenience,negative
ไม่ดีเลย เสียงดัง,Life Convenience,negative
ไม่เอาหนวกหูไม่ได้อยากขึ้นเครื่องบินอยู่แล้ว,Life Convenience,negative
ก็ดีค่ะ มีคนมาเที่ยวเยอะมากขึ้น โดยเฉพาะฝรั่ง ได้ขายของเพิ่มมากขึ้น,Life Convenience,positive
ก็ดีนะ ทำให้บ้านเราเจริญ แถวนี้ไกลจากเสียงเครื่องบิน,Life Convenience,positive
บางทีมันก็ไม่จำเป็น เราไม่ใช่นักธุรกิจที่ต้องเดินทาง,Life Convenience,negative
มันดีนะ,Life Convenience,positive
ไม่นะ เฉยๆ,Life Convenience,neutral
มันทำให้แออัด การจราจรติดขัด ปัญหาเยอะ แต่มันก็เจริญขึ้น,Life Convenience,neutral
ตอนนี้มันก็มีอยู่แล้ว,Life Convenience,neutral
มันก็ดี,Life Convenience,positive
สะดวกสบายนะ แต่มีเสียงรบกวนมากไปหน่อย,Life Convenience,positive
ก็ใช่,Life Convenience,positive
ถ้าไม่ขับผ่าน  ก็ไม่มีผลกระทบ,Life Convenience,neutral
มันไม่เกี่ยวกับเรานะ,Life Convenience,neutral
ไม่ดี ไม่ชอบเสียงรบกวน กำลังร้องเรียนอยู่,Life Convenience,negative
ไม่นะ,Life Convenience,negative
ไม่ดี เสียงดัง,Life Convenience,negative
สะดวกสบายสำหรับคนที่ขึ้นเครื่องบิน,Life Convenience,positive
ไม่รู้ ชินๆกับที่อยู่,Life Convenience,neutral
สะดวกก็สะดวกนะ แต่เราไม่ชอบเสียงดังเลย รถก็ติด,Life Convenience,negative
ใช่ เวลาจะไปไหนมาไหนจะได้สะดวก,Life Convenience,positive
ผมว่าไม่มีความจำเป็นเรื่องนี้,Life Convenience,negative
ไม่เห็นด้วย เพราะ สนามบินไม่จำเป็นต้องมาอยู่ใกล้,Life Convenience,negative
สะดวกสบายดี,Life Convenience,positive
มีทั้งดีทั้งเสีย ก็สะดวก แต่เสียงดัง,Life Convenience,neutral
ดี แต่เสียงดัง ,Life Convenience,positive
ไม่ดีอ่ะ ไม่มีสนามบินดีกว่า,Life Convenience,negative
สะดวกสบายขึ้น แต่ก่อนก็ดีอยู่แล้ว,Life Convenience,positive
ก็ดี สัญจรทางอากาศดี แต่หนวกหู,Life Convenience,positive
เราไม่ได้ใช้บริการ แต่รถติด,Life Convenience,negative
ก็ดี สะดวกสบายดี,Life Convenience,positive
ไม่จริง ก็ปกติ ไม่สบายขึ้น หนวกหูด้วย,Life Convenience,negative
ไม่ดี ไม่เกี่ยวอะไรกัน,Life Convenience,negative
สะดวกสบายยิ่งขึ้นดี,Life Convenience,positive
ไม่จริงหรอก เราไม่ได้ขึ้นเครื่องบินทุกวัน เราได้ยินแต่เสียงเครื่องบิน ดูTVฟังก็ไม่รู้เรื่อง ชั่วชีวิตจะขึ้นเครื่องบินกี่ครั้งเชียว,Life Convenience,negative
ไม่เห็นด้วย เชิงธุรกิจดี แต่วิถีชาวบ้านไม่ดี เสียงรบกวน,Life Convenience,negative
นำความเจริญมาให้ ดี เห็นด้วย ยอมรับเรื่องเสียงได้,Life Convenience,positive
การเดินทางสะดวกสบายดี แต่มีปัญหาเรื่องเสียงและมลภาวะ,Life Convenience,positive
สะดวกสบาย,Life Convenience,positive
เห็นด้วย,Life Convenience,positive
เฉยๆไม่สะดวกสบาย รู้สึกเหมือนเดิม,Life Convenience,neutral
สำหรับคนที่ใช้เครื่องก็สะดวกสบายซิ,Life Convenience,neutral
เห็นด้วย,Life Convenience,positive
ไม่ค่อยดีครับ เสียงรบกวนมาก,Life Convenience,negative
จะทำให้พื้นที่ของเราเจริญขึ้น ทุกคนแถวนี้ได้มีงานทำ,Life Convenience,positive
สะดวกสบายทุกอย่าง ยกเว้นหูของเรา,Life Convenience,positive
เห็นด้วย,Life Convenience,positive
เราว่าไม่ดีนะเพราะเวลาเครื่องบินขึ้นจะทำให้เสียงดังมากและรบกวนคนอื่นด้วย,Life Convenience,negative
ดี แต่เสียงดัง เวลาเครื่องบินขึ้นลง,Life Convenience,positive
ไม่ดี เสียงดัง เราไม่สามารถอยู่แบบเงียบได้,Life Convenience,negative
"ทุกอย่างอยู่ที่คิดหรืออยู่ที่ใจ
-ถ้าคิดลำบาก เดิน3ก้าวขึ้นบันไดก็ลำบากแล้ว
-ถ้าคิดว่าสบาย ขึ้นรถเมล์ นั่งมอเตอร์ไซต์ ก็เดินทางสบาย
ที่สำคัญคนแถวนี้มิได้ใช้เครื่องบิน คนที่อื่นทั้งนั้น แต่ชาวบ้านไม่ต่อต้าน แต่ก็ไม่ได้สนับสนุน(สู้วางเฉย และพร้อมรับ
ถึงผลการเปลี่ยนแปลงดีกว่าครับ)",Life Convenience,neutral
เห็นด้วย พี่ชอบ,Life Convenience,positive
ก็ดี บ้านเมืองจะได้เจริญขึ้น รถก็จะติดมากขึ้น มีนักท้องเที่ยวมาเที่ยวมากขึ้น ที่ดินก็จะแพงขึ้น,Life Convenience,neutral
ผู้คนก็เยอะวุ่นวาย,Life Convenience,negative
ใช่ มีแต่ความเจริญของชุมนุม แต่ก็ทำให้สภาพแวดล้อมหลายๆด้านเสียไปถ้าทางราชการไม่ควบคุมแก้ไข,Life Convenience,positive
มีทั้งข้อดีข้อเสียนะ,Life Convenience,neutral
ฉันว่าไม่ดีขึ้น เช่นปกติน้ำฝนที่ใช้ได้กลับใช้ไม่ได้ ถ้าถามว่าอยากให้มี/ไม่มี ไม่อยากให้มีเลย,Life Convenience,negative
ก็ดีนะ ก็สะดวกสบายชั้น ก็ไม่ได้รบกวนเท่าไหร่,Life Convenience,positive
ก็ดีค่ะ ใกล้ดี,Life Convenience,positive
ไม่ดี ตั้งแต่มีเครื่องบิน,Life Convenience,negative
ดีอย่างเสียอย่าง,Life Convenience,neutral
เห็นด้วยในเรื่องความสะดวกสบาย,Life Convenience,positive
ไม่ดีขึ้นหรอก หนวกหูจะตาย มาที ทีวีก็ดูไม่ได้,Life Convenience,negative
ค่ะ สะดวกสบายขึ้น,Life Convenience,positive
หนวกหู รบกวน,Life Convenience,negative
ไม่ชอบ หนวกหู,Life Convenience,negative
ดี สะดวกสบาย,Life Convenience,positive
เห็นด้วย,Life Convenience,positive
สะดวกสบายจริง แต่มันเสียงดัง ดีอย่างเสียอย่าง,Life Convenience,positive
ไม่เห็นด้วย,Life Convenience,negative
ไม่เห็นด้วย เพราะเราม่ใช่สนามบิน,Life Convenience,negative
ไม่ชอบ มันหนวกหู,Life Convenience,negative
ก็ดีนะ เห็นด้วย บ้านเมืองเจริญขึ้นเราก็เห็นด้วย,Life Convenience,positive
ผมรู้สึกเฉยๆ เพราะไม่ได้ใช้บริการของสนามบินบ่อยอยู่แล้ว,Life Convenience,neutral
ผมก็ว่ามันดี รำคาญนิดหน่อยแต่ก็อยู่ได้,Life Convenience,positive
ทำให้รถวิ่งมากขึ้นการจราจรติดขัด มลภาวะจากรถยนต์มากขึ้น,Health,negative
ดีมากในแง่ของความสะดวกสบายเจริญดีขึ้น แต่ในแง่ของความเป็นอยู่เรื่องสุขภาพร่างกายจะแย่ลง,Health,negative
ดี สะดวกสบายดีแต่จะมีปัญหามลพิษ,Health,negative
ไม่ดีเลย เสียงดังรบกวน มลพิษอากาศ แต่ก็ดีอย่างเสียอย่าง,Health,negative
"แม้จะมีความสะดวกสบายอยู่มาก แต่เราอาจได้รับมลพิษทางเสียง จากากรคมนาคมโดยเฉพาะเครื่องบิน 
ซึ่งอาจจะส่งผลเสียต่อสุขภาพและคุรภาพการใช้ชีวิตของเราในระยะยาวได้",Health,negative
สะดวกสบายแต่เครื่องบินเสียงดังมากๆ ฝุ่นในบ้านเยอะมากๆ,Health,negative
แต่จะมีปัญหามลพิษ,Health,negative
แต่เสียงรบกวนทำให้ฉันนอนไม่หลับนะ,Health,negative
มันไม่สะดวกเพราะรำคาญเป็นเสียงเครื่องบิน นอนๆก็สะดุ้ง,Health,negative
เสียงดังรบกวน การจราจรติดขัด สุขภาพแย่ลง,Health,negative
ไม่เห็นด้วย เพราะอาจจะเพิ่มมลภาวะสิ่งแวดล้อมและกระทบต่อวิถีชีวิตแบบธรรมชาติ,Health,negative
ไม่ดี เหมือนรถจะติดทำให้เกิดมลภาวะเป็นพิษ,Health,negative
ดีอย่างเสียอย่าง ได้ความสะดวกสบาย แต่ก็ทำให้รถติด เกิดมลพิษ,Health,negative
สะดวกสบายก็จริง แต่การจราจรจะคับคั่งมากขึ้น มลภาวะก็จะตามมา มันจะไม่เงียบสงบเหมือนเมื่อก่อน มันก็ได้อย่างเสียอย่างน่ะ,Health,negative
"มีสนามบินมันก็ดี สะดวกในการเดินทาง แต่ปัญหาเสียงดังรบกวนของเครื่องบินนี้สิ จะทำไงละ ในรบกวนมากๆ 
วันหยุดก็ไม่ได้พักผ่อนอย่างจริงจัง ทั้งกาย-ใจ",Health,negative
"ถ้าพูดถึงความเจริญอาจจะเจริญขึ้น แต่ก็มีปัญหาอื่นตามมา เช่น ปัญหาด้านมลภาวะ ปัญหาเรื่องการจราจร 
ปัญหาเรื่องมลภาวะเสียง (ซึงเป็นปัญหาใหญ่กระทบกับชุมชนใกล้เคียง)",Health,negative
ไม่ดี มลพิษเยอะ เราไม่ได้เดินทางโดยเครื่องบิน,Health,negative
"ผมก็เห็นด้วยแต่ต้องมีการบริหารจัดการที่เป็นระบบอย่างถูกต้อง
1.เสียงไม่ดัง 2.จารจราจรสะดวก 3.ไม่มีมลพิษต่างเช่นเสียง กลิ่นต่างๆ",Health,negative
ก็ดีนะ แต่จะมีผลกระทบกับการใช้ชีวิตประจำวันหรือเปล่า มันอาจจะเสียงดังจนทำให้คนอื่นเสียประสาทก็ได้,Health,negative
มันก็ดีนะ แต่บางทีก็อาจจะไม่ดีกับผู้คนที่อยู่ไกลๆ มากนักเพราะทั้งเสียงทั้งควัน,Health,negative
"ก็ดีตามที่พูดแหละ แต่ความเป็นอยู่ในชีวิตประจำวันมันก็แย่ลง วุ่นวายมากขึ้น 
สิ่งแวดล้อมก็เสียไปถ้าต้องเจอกับการมีสนามบินขึ้นมาอยู่ได้อยู่ไม่ได้ก็ย้าย",Health,negative
สะดวกสบายกับผู้ใช้บริการ แต่ชาวบ้านที่อยู่อาศัยแถวนี้เขาเดือดร้อนนะ ทั้งเสียงดัง และมีผลต่อสภาวะทางอากาศอีก,Health,negative
"ใช่ แต่ก็จะได้รับเสียงรบกวนจากเครื่องบินด้วย และการจราจรจะติดขึ้นเพิ่มขึ้นควันพิษเพิ่มขึ้น 
ไม่มีความสะดวกสบายอะไรที่จะมีผลกระทบต่อสิ่งแวดล้อมและการใช้ชีวิตของมนุษย์ได้",Health,negative
ไม่ดี มีมลพิษเพิ่ม,Health,negative
"มันก็จริงนะแต่เสียงมันดังรบกวนเวลานอน ลูกๆเด็กแรกเกิดก็นอนไม่ได้ 
แต่ทำไงได้เราไม่มีปัญญาไปดำเนินการร้องเรียนหรอก ""ทำใจ""",Health,negative
ความเจริญยิ่งมากขึ้น จะทำให้เกิดมลภาวะทางเสียง ทัง้ทางอากาศ,Health,negative
กลัวสิ่งแวดล้อมเป็นพิษอากาศเป็นพิษ เสียงดังนะซิ,Health,negative
เห็นด้วย แต่ต้องแลกกับมลภาวะต่างๆอาจทำให้สุขภาพด้านต่างๆแย่ลง,Health,negative
มันสะดวกแต่เสียงมันรบกวนเวลาหลับนอนหรือพักผ่อนไม่เพียงพอ,Health,negative
"ใช่ ฉันเห็นด้วย แต่มันมักจะมีเสียงรบกวนเวลาฉันคุยโทรศัพท์และทำกิจกรรมในชีวิตประจำวันนี่สิ แต่มันก็แค่ส่วนหนึ่งเล็กน้อยนะ 
ไม่ได้รบกวนจนฉันอยู่ไม่ได้ แต่รำคาญนิดหน่อย",Health,negative
คมนาคมสบาย แต่เสียงรบกวนและมีมลภาวะทางอากาศ,Health,negative
ใช่แล้วทำให้สะดวกสบายก็จริงแต่มันเสียงดังแถมมีมลพิษ,Health,negative
ไม่ดีเลย อากาศเป็นพิษ รถก็จะติดมากยิ่งขึ้น หนวกหู เสียงเครื่องบิน ไปเปิดที่อื่นจะดีกว่า,Health,negative
ไม่ดีแน่เลย เสียงเครื่องบินน่ารำคาญมากทำให้นอนหลับไม่สนิท,Health,negative
"แต่ต้องแลกมากับสภาวะแวดล้อมที่เปลี่ยนไปทั้งเสียงรบกวน มลภาวะจากการเผาไหม้จากเครื่องบินที่ปนเปื้อนในอากาศ
และยังตกลงมาสะสมบนหลังคาบ้านเรื่อน",Health,negative
ไม่ดีเลย อยุ่ใกล้สนามบินสิ่งแวดล้อมไม่ดี อากาสเสีย เสียงดัง,Health,negative
มันดี แต่มลพิษเยอะไปหน่อย,Health,negative
"ไม่ดีเลย เพราะว่ามีความวุ่นวายมากขึ้น การจราจรติดขัด อากาศเป็นพิษจากควันท่อไอเสียเครื่องยนต์ มีเสียงดังจากเครื่องบิน 
ขึ้น-ลง รวมทั้งรถยนต์-รถมอเตอร์ไซต์ที่มากขึ้น",Health,negative
คนอื่นเค้าก็สะดวกสบายแหละแต่เราไม่ได้ใช้บริการแถมยังมีปัญหาเรื่องเสียง กลิ่นเหม็นน้ำมันสน ขยะ,Health,negative
สะดวกแจ่ไม่ปลอดภัยเรื่องกลิ่นน้ำมัน,Health,negative
ไม่ดีอะ มลพิษมันเยอะ,Health,negative
ไม่เห็นด้วย เสียงดัง มีมลพิษอากาศ,Health,negative
มันก็ดีนะ แต่ก็มีบ้างที่เสียงเครื่องบินรบกวนการพักผ่อนของเรา,Health,negative
ไม่ดีเลยมีเสียงรบกวน  การจราจรก็แออัด เราต้องนอนไม่ค่อยหลับแน่,Health,negative
"ใช่ มันก็ดีอยู่แต่การจราจรคงแออัดขึ้นกว่าเดิมแน่เลย มลพิษคงมากกว่าเดิมอากาศคงไม่ดีเหมือนเดิม 
แต่เศรษฐกิจแถวนี้ก็คงดีมากขึ้นน แต่ก็คงแออัดด้วยตึกสูงหลายชั้น หมู่บ้านต่างๆเช่นกัน",Health,negative
"แต่เสียงของเครื่องบินก็ดังมากนะ แรกๆตกใจตื่นตอนกลางคืนเลย มลพิษทางอากาศก็เกิดขึ้นยิ่งช่วงหน้าหนาว
เครื่องบินปรับทิศทางการขึ้นบินเสียงยิ่งดังมากๆ",Health,negative
สะดวกก็จริง แต่ว่ามันมีเสียงรบกวนที่น่ารำคาญ ทำให้ต้องตื่นมากลางดึกบ่อยครั้งมาก,Health,negative
ไม่ดีจะทำให้เสียงดัง อาจเกิดมลพิษ,Health,negative
แต่เราว่าเสียงดังมากนะ คลื่นทีวีและสัญญาณอิเตอร์เน็ตหาย ฝ้าห้องนอนสั่น รบกวนมาก,Health,negative
ก็เจริญดีนะ แต่สภาวะแวดล้อมไม่ดี มีคราบน้ำมัน,Health,negative
แต่ก็มีข้อเสียอยู่บ้านคือ มีเสียงดังตตลอดเวลา รถติด มลภาวะทางอากาศไม่ดีนัก,Health,negative
ได้รับผลกระทบด้านสิ่งแวดล้อม,Health,negative
มันก็ดีอยู่ตาสภาพสิ่งแวดล้อมรอบๆ มันไม่ดีไปด้วยบรรยากาศเป็นพิษ,Health,negative
"ความเจริญเข้ามาก็จริง แต่ก็ไม่ส่งผลให้ชาวบ้านมีความเป็นอยู่ที่ดีขึ้นหรอก 
เพราะเมื่อความเจริญเข้ามามลภาวะก็เข้ามาด้วย เช่น ฝุ่นละออง น้ำมัน",Health,negative
"ดีแน่ๆ ความเจริญที่เข้ามา ถนน ร้านค้า ถ้าการคมนาคมการสื่อสาร ความสะดวกสบาย งานอาชีพ 
แต่ก็จะต้องยอมรับสิ่งที่จะตามมา คือมลพิษทางเสียง กลื่น ความแอดอัด",Health,negative
มันน่าจะมีผลกระทบกับเรา ทางด้านเสียงและมลภาวะทางอากาศ,Health,negative
ไม่ดี จะทำให้เกิดเสียงดังและเหม็นน้ำมันเครื่องบิน,Health,negative
"ไม่จริงเลยที่มีการเปิดบิรการสนามบินใกล้ๆบริเวณนี้เพราะจะทำให้เสียงเครื่องบินรบกวนคนที่อยู่บริเวณนั้น
และรบกวนการนอนของคนอื่นๆ",Health,negative
สะดวกสบายแต่ก็เกิดผลกระทบทางอ้อมทั้งหลายอย่างทั้งมลพิษทางอากาศ เสียงเครื่องบินและการจราจรที่คับคั้งมากกว่าเดิม,Health,negative
การเดินทางสะดวกสบายดี แต่มีปัญหาเรื่องเสียงและมลภาวะ,Health,negative
